10002,03/05/2020 08:01,TRUGANINA,VIC,3029,HILLARYS,WA,6025,1,0.05,0.0034
10003,03/05/2020 08:04,REGENTS PARK,NSW,2143,VIRGINIA,QLD,4014,1,3,0
10004,03/05/2020 08:10,SMITHFIELD,NSW,2164,UNLEY,SA,5061,4,33.15,0.1618
10005,03/05/2020 08:10,TRUGANINA,VIC,3029,ARTARMON,NSW,2064,2,250,3.672
10006,03/05/2020 08:13,BAYSWATER,VIC,3153,FORRESTFIELD,WA,6058,1,7.5,0.098
10007,03/05/2020 08:16,DANDENONG SOUTH,VIC,3175,PERTH AIRPORT,WA,6105,1,11,0.016
10009,03/05/2020 08:17,INGLEBURN,NSW,2565,WANGARA,WA,6065,1,3,0.0034
10010,03/05/2020 08:28,TRUGANINA,VIC,3029,KOTARA,NSW,2289,4,23.2,0.2772
10011,03/05/2020 08:28,ROWVILLE,VIC,3178,KATHERINE,NT,850,1,13,68
10012,03/05/2020 08:31,BRAESIDE,VIC,3195,DANDENONG,VIC,3175,1,6,0.0222
10013,03/05/2020 08:31,PORT MELBOURNE,VIC,3207,NEWINGTON,NSW,2127,1,1,0.0074
10014,03/05/2020 08:32,TRUGANINA,VIC,3029,PENRITH,NSW,2750,1,0.18,0.0173
10015,03/05/2020 08:32,HAZELMERE,WA,6055,OSBORNE PARK,WA,6017,2,92,0.6508
10016,03/05/2020 08:34,TRUGANINA,VIC,3029,MOORABBIN,VIC,3189,1,7.34,0.0308
10017,03/05/2020 08:34,TRUGANINA,VIC,3029,PEREGIAN,QLD,4573,1,687.8,68
10018,03/05/2020 08:36,BRAESIDE,VIC,3195,TRARALGON,VIC,3844,1,3,0.0131
10019,03/05/2020 08:39,TRUGANINA,VIC,3029,EPSOM,VIC,3551,1,108.84,0.96
10020,03/05/2020 08:52,LANE COVE,NSW,2066,HAWTHORN,VIC,3122,1,11,40
10021,03/05/2020 08:17,CHESTER HILL,NSW,2162,COFFS HARBOUR,NSW,2450,5,1027,12.643
10022,03/05/2020 08:56,LANE COVE,NSW,2066,GEELONG,VIC,3220,1,0.53,20
10023,03/05/2020 08:56,LANE COVE,NSW,2066,WARRNAMBOOL,VIC,3280,6,2585,1
10024,03/05/2020 09:01,TRUGANINA,VIC,3029,LISAROW,NSW,2250,1,0.28,0.1324
10025,03/05/2020 09:05,TRUGANINA,VIC,3029,BELCONNEN,ACT,2616,2,4.41,0.0781
10026,03/05/2020 09:05,CARRUM DOWNS,VIC,3201,ECHUCA SOUTH,VIC,3564,1,2.1,0.0029
10027,03/05/2020 09:06,MOUNT WAVERLY,VIC,3149,HOBART,TAS,7000,1,1,0.0066
10028,03/05/2020 09:07,TRUGANINA,VIC,3029,MOUNT WAVERLY,VIC,3149,1,6,0.045
10029,03/05/2020 09:07,TRUGANINA,VIC,3029,ARARAT,VIC,3377,1,6.15,0.0308
10030,03/05/2020 09:11,TRUGANINA,VIC,3029,EAST LINFIELD,NSW,2070,1,90,0.1447
10031,03/05/2020 09:12,EASTERN CREEK,NSW,2766,VILLAWOOD,NSW,2163,1,15,0.0858
10032,03/05/2020 09:13,MOUNT WAVERLY,VIC,3149,BEDFORD PARK,SA,5042,1,1,0.0071
10033,03/05/2020 09:16,CAMPBELLFIELD,VIC,3061,KEWDALE,WA,6105,1,619,1.1903
10034,03/05/2020 09:16,PORT MELBOURNE,VIC,3207,MOLENDINAR,QLD,4214,1,4,0.0279
10035,03/05/2020 09:17,TRUGANINA,VIC,3029,COFFS HARBOUR,NSW,2450,6,28,0.2012
10036,03/05/2020 09:18,TRUGANINA,VIC,3029,KINGSTON SE,SA,5275,1,0.26,0.0521
10037,03/05/2020 09:18,PORT MELBOURNE,VIC,3207,MURARRIE,QLD,4172,1,7.2,0.0521
10038,03/05/2020 09:18,TRUGANINA,VIC,3029,ADELAIDE AIRPORT,SA,5950,2,153,2.94
10039,03/05/2020 09:19,LANE COVE,NSW,2066,HAWTHORN,VIC,3122,1,11,40
10040,03/05/2020 09:23,CHESTER HILL,NSW,2162,COFFS HARBOUR,NSW,2450,5,1027,12.643
10041,03/05/2020 09:23,LANE COVE,NSW,2066,GEELONG,VIC,3220,1,0.53,20
10042,03/05/2020 09:23,LANE COVE,NSW,2066,WARRNAMBOOL,VIC,3280,6,2585,1
10043,03/05/2020 09:23,DERRIMUT,VIC,3026,TEMORA,NSW,2666,1,23,0.1186
10044,03/05/2020 09:27,DANDENONG SOUTH,VIC,3175,CARNEGIE,VIC,3163,1,5,0.008
10045,03/05/2020 09:28,CHESTER HILL,NSW,2162,BANKSMEADOW,NSW,2019,1,228,2.39
10046,03/05/2020 09:36,MOUNT WAVERLY,VIC,3149,ELIZABETH VALE,SA,5112,1,10,0.0774
10047,03/05/2020 09:38,TRUGANINA,VIC,3029,FORBES,NSW,2871,1,5000,0.1204
10048,03/05/2020 09:39,TRUGANINA,VIC,3029,CAMDEN PARK,NSW,2570,4,5000,0.2084
10049,03/05/2020 09:41,TRUGANINA,VIC,3029,MILE END SOUTH,SA,5031,1,89.19,1.2
10050,03/05/2020 09:42,MILPERRA,NSW,2214,RINGWOOD,VIC,3134,1,324,1.296
10051,03/05/2020 09:42,BANKSMEADOW,NSW,2019,DANDENONG SOUTH,VIC,3175,1,3,0
10052,03/05/2020 09:46,TRUGANINA,VIC,3029,CHADSTONE,VIC,3148,1,7.34,0.0792
10053,03/05/2020 09:46,STAPYLTON,QLD,4207,DECEPTION BAY,QLD,4508,38,7600,82.08
10054,03/05/2020 09:46,FRENCHS FOREST,NSW,2086,ST GEORGES BASIN,NSW,2540,1,7,0.0143
10055,03/05/2020 09:48,PORT MELBOURNE,VIC,3207,SOUTH BRISBANE,QLD,4101,1,1,0.0137
10056,03/05/2020 09:49,TRUGANINA,VIC,3029,ALBION PARK RAIL,NSW,2527,1,0.16,0.0173
10057,03/05/2020 09:49,AUBURN,NSW,2144,NEWTOWN,VIC,3220,2,29,0.0726
10058,03/05/2020 09:51,TRUGANINA,VIC,3029,ADELAIDE AIRPORT,SA,5950,1,133.82,1.2
10059,03/05/2020 09:58,TRUGANINA,VIC,3029,BALDIVIS,WA,6171,2,0.74,0.2648
10060,03/05/2020 09:59,BRAESIDE,VIC,3195,PRESTONS,NSW,2170,1,3,0.0131
10061,03/05/2020 10:00,TRUGANINA,VIC,3029,DANDENONG SOUTH,VIC,3175,1,108.85,0.48
10062,03/05/2020 10:01,TRUGANINA,VIC,3029,BENNETTS GREEN,NSW,2290,1,2.74,0.0308
10063,03/05/2020 10:03,TRUGANINA,VIC,3029,ALEXANDRIA,NSW,2015,1,0.2,0.0308
10064,03/05/2020 10:05,PRESTONS,NSW,2170,DANDENONG SOUTH,VIC,3175,1,1.72,0.0123
10065,03/05/2020 10:06,BRAESIDE,VIC,3195,MANSFIELD,QLD,4122,1,5,0.033
10066,03/05/2020 08:06,TRUGANINA,VIC,3029,GEELONG,VIC,3220,2,25,1.5
10067,03/05/2020 10:10,TRUGANINA,VIC,3029,WARRNAMBOOL SOUTH,VIC,3280,1,7.5,0.0926
10068,03/05/2020 10:14,PORT MELBOURNE,VIC,3207,THORNLEIGH,NSW,2120,1,2.3,0.012
10069,03/05/2020 08:15,TRUGANINA,VIC,3029,WARRNAMBOOL,VIC,3280,5,210,3.5
10070,03/05/2020 08:16,TRUGANINA,VIC,3029,WARRNAMBOOL,VIC,3280,3,50,5
10071,03/05/2020 08:17,TRUGANINA,VIC,3029,ADELAIDE,SA,5000,4,20,4
10072,03/05/2020 08:12,TRUGANINA,VIC,3029,COLAC,VIC,3250,1,90,16
10074,03/05/2020 10:20,SMITHFIELD,NSW,2164,BROOKVALE,NSW,2100,4,3000,6.912
10075,03/05/2020 10:21,LANE COVE,NSW,2066,WEMBLEY,WA,6014,1,3,0.028
10076,03/05/2020 10:24,DANDENONG SOUTH,VIC,3175,HIGHETT,VIC,3190,1,5,0.001
10077,03/05/2020 10:25,TRUGANINA,VIC,3029,GOULBURN,NSW,2580,3,13.34,0.1193
10078,03/05/2020 10:25,DANDENONG SOUTH,VIC,3175,ERSKINE PARK,NSW,2759,1,3,0.0012
10079,03/05/2020 10:34,BRAESIDE,VIC,3195,BUNDABERG,QLD,4670,1,5,0.033
10080,03/05/2020 10:35,PORT MELBOURNE,VIC,3207,DURAL,NSW,2158,1,4,0.0521
10081,03/05/2020 10:37,INGLEBURN,NSW,2565,SILVERWATER,NSW,2128,6,6,0.096
10082,03/05/2020 10:41,LANE COVE,NSW,2066,BELMONT,NSW,2280,2,20,0.0276
10083,03/05/2020 10:41,MANSFIELD,QLD,4122,VIRGINIA,QLD,4014,1,1,0.0066
10084,03/05/2020 10:41,LANE COVE,NSW,2066,YEERONGPILLY,QLD,4105,1,3,0.028
10085,03/05/2020 10:42,TRUGANINA,VIC,3029,TUGGERAH,NSW,2259,1,0.18,0.0173
10086,03/05/2020 10:42,BAYSWATER,VIC,3153,KOGARAH,NSW,2217,3,15.9,0.1725
10087,03/05/2020 10:43,BAYSWATER,VIC,3153,JAMISONTOWN,NSW,2750,1,8,0.1235
10088,03/05/2020 10:44,TRUGANINA,VIC,3029,CARDIFF,NSW,2285,1,2.12,0.0308
10089,03/05/2020 10:48,DANDENONG SOUTH,VIC,3175,KEWDALE,WA,6105,1,3,0.0012
10090,03/05/2020 10:49,PORT MELBOURNE,VIC,3207,NEW FARM,QLD,4005,1,5,0.0243
10091,03/05/2020 10:50,MOUNT WAVERLY,VIC,3149,NEDLANDS,WA,6009,1,1,0.0071
10092,03/05/2020 10:52,TRUGANINA,VIC,3029,ARDROSSAN,SA,5571,1,9999,0.1204
10093,03/05/2020 10:55,TRUGANINA,VIC,3029,GREYSTANES,NSW,2145,1,1.18,0.0308
10094,03/05/2020 10:57,TRUGANINA,VIC,3029,GWELUP,WA,6018,1,0.05,0.0034
10095,03/05/2020 10:58,SOMERTON,VIC,3062,KEYSBOROUGH,VIC,3173,8,112,0.28
10096,03/05/2020 10:59,TRUGANINA,VIC,3029,OXENFORD,QLD,4210,1,16,0.1457
10097,03/05/2020 11:02,LANE COVE,NSW,2066,BELMONT,NSW,2280,4,40,0.0552
10098,03/05/2020 11:02,REGENTS PARK,NSW,2143,BYRON BAY,NSW,2481,1,23,0.064
10099,03/05/2020 11:04,TRUGANINA,VIC,3029,BUNDAMBA,QLD,4304,1,16,0.1457
10100,03/05/2020 11:04,TRUGANINA,VIC,3029,DERRIMUT,VIC,3026,2,12.12,0.0136
10101,03/05/2020 11:05,DANDENONG SOUTH,VIC,3175,SPRINGVALE,VIC,3171,1,5,0.008
10102,03/05/2020 11:08,HAZELMERE,WA,6055,JOONDALUP,WA,6027,1,13.44,0.0308
10103,03/05/2020 11:08,TRUGANINA,VIC,3029,GREGORY HILLS,NSW,2557,1,181.83,1.8
10104,03/05/2020 11:10,TRUGANINA,VIC,3029,NARACOORTE,SA,5271,1,10000,0.0308
10105,03/05/2020 11:10,EASTERN CREEK,NSW,2766,ACACIA RIDGE,QLD,4110,2,2,0.0064
10106,03/05/2020 11:10,MOUNT WAVERLY,VIC,3149,CAMDEN PARK,SA,5038,8,63,0.4886
10107,03/05/2020 11:11,BRAESIDE,VIC,3195,HALLAM,VIC,3803,1,5,0.0222
10108,03/05/2020 11:11,TRUGANINA,VIC,3029,BUNDABERG,QLD,4670,1,2.4,0.0199
10109,03/05/2020 11:12,LANE COVE,NSW,2066,BALLARAT,VIC,3350,1,2,0.0113
10110,03/05/2020 11:12,ARNDELL PARK,NSW,2148,DUNGOG,NSW,2420,1,27,0.0205
10111,03/05/2020 11:13,CHESTER HILL,NSW,2162,BREAKWATER,VIC,3219,1,142,2.16
10112,03/05/2020 11:15,TRUGANINA,VIC,3029,GEELONG,VIC,3220,1,1.42,0.0308
10113,03/05/2020 11:17,BAYSWATER,VIC,3153,SOUTH BRISBANE,QLD,4101,1,16,0.062
10114,03/05/2020 11:18,PORT MELBOURNE,VIC,3207,BERRINBA,QLD,4117,1,9,0.0575
10115,03/05/2020 11:19,DANDENONG,VIC,3175,GEEBUNG,QLD,4034,3,1140,3.0566
10116,03/05/2020 11:20,INGLEBURN,NSW,2565,INGLEBURN,NSW,2565,1,0.1,0
10117,03/05/2020 11:21,TRUGANINA,VIC,3029,LAVINGTON,NSW,2641,1,9,0.0582
10118,03/05/2020 11:21,MOUNT WAVERLY,VIC,3149,SOUTH BRISBANE,QLD,4101,2,13,0.0845
10119,03/05/2020 11:21,TRUGANINA,VIC,3029,MANDURAH,WA,6210,1,0.05,0.0034
10120,03/05/2020 11:22,CLAYTON,VIC,3168,HAMILTON,QLD,4007,1,10,0.0784
10121,03/05/2020 11:22,EASTERN CREEK,NSW,2766,MALAGA,WA,6090,1,2,0.0032
10122,03/05/2020 11:23,TRUGANINA,VIC,3029,CESSNOCK,NSW,2325,1,7.4,0.0308
10123,03/05/2020 11:23,MOUNT WAVERLY,VIC,3149,MARYBOROUGH,QLD,4650,1,6,0.0774
10124,03/05/2020 11:26,LANE COVE,NSW,2066,ST LEONARDS,NSW,2065,1,2,0.0113
10125,03/05/2020 11:27,TRUGANINA,VIC,3029,PADDINGTON,NSW,2021,1,0.3,0.0521
10126,03/05/2020 11:30,HAZELMERE,WA,6055,BALCATTA,WA,6021,1,30.91,0.0308
10127,03/05/2020 11:30,DANDENONG SOUTH,VIC,3175,ADELAIDE,SA,5000,2,14,0.0257
10128,03/05/2020 11:31,TRUGANINA,VIC,3029,UNDERWOOD,QLD,4119,1,242,1.69
10129,03/05/2020 11:31,MOUNT WAVERLY,VIC,3149,WETHERILL PARK,NSW,2164,2,12,0.1086
10130,03/05/2020 11:31,GREENACRE,NSW,2190,WARABROOK,NSW,2304,1,5,0.0132
10131,03/05/2020 11:33,TRUGANINA,VIC,3029,ARMIDALE,NSW,2350,1,9,0.0688
10132,03/05/2020 11:38,MOUNT WAVERLY,VIC,3149,CLAYTON,VIC,3168,1,4,0.0229
10133,03/05/2020 11:40,TRUGANINA,VIC,3029,EBENEZER,NSW,2756,1,2.12,0.0308
10134,03/05/2020 11:40,BAYSWATER,VIC,3153,CESSNOCK,NSW,2325,1,5.3,0.0575
10135,03/05/2020 11:41,TRUGANINA,VIC,3029,SORELL,TAS,7172,1,6.15,0.0308
10136,03/05/2020 11:42,ARNDELL PARK,NSW,2148,BARADINE,NSW,2396,2,29.9,0.0278
10137,03/05/2020 11:42,TRUGANINA,VIC,3029,SOUTH TURRAMURRA,NSW,2074,1,1.02,0.0199
10138,03/05/2020 11:42,TRUGANINA,VIC,3029,BAYSWATER,VIC,3153,1,79.54,1.44
10139,03/05/2020 11:45,CAMPBELLFIELD,VIC,3061,SEVEN HILLS,NSW,2147,2,31,0.0613
10140,03/05/2020 11:45,TRUGANINA,VIC,3029,WAGGA WAGGA,NSW,2650,1,63.69,1.44
10141,03/05/2020 11:45,MOUNT WAVERLY,VIC,3149,MODBURY,SA,5092,1,1,0.0011
10142,03/05/2020 11:49,LANE COVE,NSW,2066,NEW LAMBTON HEIGHTS,NSW,2305,1,2,0.0113
10143,03/05/2020 11:51,CAMPBELLFIELD,VIC,3061,ADELAIDE,SA,5000,4,50,0.087
10144,03/05/2020 11:51,PORT MELBOURNE,VIC,3207,HEYFIELD,VIC,3858,1,1.3,0.0074
10145,03/05/2020 11:52,MURARRIE,QLD,4172,ARNDELL PARK,NSW,2148,1,10,0.096
10146,03/05/2020 11:53,STAPYLTON,QLD,4207,DECEPTION BAY,QLD,4508,38,7600,82.08
10147,03/05/2020 11:54,CHESTER HILL,NSW,2162,BRAESIDE,VIC,3195,1,385,2.016
10148,03/05/2020 11:55,ARNDELL PARK,NSW,2148,NYNGAN,NSW,2825,9,151.3,0.1357
10149,03/05/2020 11:56,BANKSMEADOW,NSW,2019,INGLEBURN,NSW,2565,1,1,0
10150,03/05/2020 11:57,TRUGANINA,VIC,3029,KATOOMBA,NSW,2780,4,29,0.1752
10151,03/05/2020 12:00,TRUGANINA,VIC,3029,ELI WATERS,QLD,4655,1,6.15,0.0308
10152,03/05/2020 12:00,MOUNT WAVERLY,VIC,3149,COLLINGWOOD,VIC,3066,1,1,0.0071
10153,03/05/2020 12:01,INGLEBURN,NSW,2565,PERTH AIRPORT,WA,6000,1,1,0.0034
10154,03/05/2020 12:01,TRUGANINA,VIC,3029,HEYWOOD,VIC,3304,7,55.85,0.3392
10155,03/05/2020 12:04,TRUGANINA,VIC,3029,BAIRNSDALE,VIC,3875,1,0.68,0.0173
10156,03/05/2020 12:10,BOWEN HILLS,QLD,4006,KEWARRA BEACH,QLD,4879,2,25,0.3147
10157,03/05/2020 12:11,REGENTS PARK,NSW,2143,COOPERS PLAINS,QLD,4108,1,12,0.024
10158,03/05/2020 12:12,CLAYTON,VIC,3168,LEUMEAH,NSW,2560,1,10,0.0784
10159,03/05/2020 12:12,DINGLEY VILLAGE,VIC,3172,WEST WYALONG,NSW,2671,1,1,0.0089
10160,03/05/2020 12:12,TRUGANINA,VIC,3029,HORSHAM,VIC,3400,1,0.01,0.0082
10161,03/05/2020 12:14,PORT MELBOURNE,VIC,3207,BAIRNSDALE,VIC,3875,1,1.8,0.0074
10162,03/05/2020 12:14,TRUGANINA,VIC,3029,ROCKINGHAM,WA,6168,1,1.42,0.0308
10163,03/05/2020 12:16,LANE COVE,NSW,2066,CLAYTON,VIC,3168,1,2,0.0113
10164,03/05/2020 12:19,ARNDELL PARK,NSW,2148,LAKE CARGELLIO,NSW,2672,1,21.4,0.0205
10165,03/05/2020 12:19,TRUGANINA,VIC,3029,PRESTON,VIC,3072,1,81,1.191
10166,03/05/2020 12:21,DANDENONG SOUTH,VIC,3175,SOUTH YARRA,VIC,3141,12,96,0.768
10167,03/05/2020 12:22,TRUGANINA,VIC,3029,CRAIGIEBURN,VIC,3064,1,0.89,0.0034
10168,03/05/2020 12:25,PORT MELBOURNE,VIC,3207,ST IVES,NSW,2075,1,1,0.0074
10169,03/05/2020 12:29,MOUNT WAVERLY,VIC,3149,GUNNEDAH,NSW,2380,1,4,0.0168
10170,03/05/2020 12:29,MOUNT WAVERLY,VIC,3149,NORTH GOSFORD,NSW,2250,1,4,0.0168
10171,03/05/2020 12:29,HAZELMERE,WA,6055,DENMARK,WA,6333,2,47,0.5518
10172,03/05/2020 12:29,REGENTS PARK,NSW,2143,VIRGINIA,QLD,4014,1,16,0.032
10173,03/05/2020 12:30,MOUNT WAVERLY,VIC,3149,BAIRNSDALE,VIC,3875,1,6,0.0543
10174,03/05/2020 12:32,TRUGANINA,VIC,3029,ALEXANDRIA,NSW,2015,1,0.18,0.0173
10175,03/05/2020 12:32,BRAESIDE,VIC,3195,TULLAMARINE,VIC,3043,2,12,0.1992
10176,03/05/2020 12:33,BRAESIDE,VIC,3195,EAGLE FARM,QLD,4009,1,6,0.0549
10177,03/05/2020 12:33,PORT MELBOURNE,VIC,3207,ILUKA,WA,6028,1,1,0.0074
10178,03/05/2020 12:34,LANE COVE,NSW,2066,COLLINGWOOD,VIC,3066,1,1,0.0113
10179,03/05/2020 12:37,TRUGANINA,VIC,3029,LAVINGTON,NSW,2641,1,1.73,0
10180,03/05/2020 12:38,CLAYTON,VIC,3168,NORTH HOBART,TAS,7000,2,20,0.1612
10181,03/05/2020 12:40,PARKINSON,QLD,4115,CALOUNDRA WEST,QLD,4551,4,50,0.36
10182,03/05/2020 12:40,BAYSWATER,VIC,3153,PORT MACQUARIE,NSW,2444,2,10,0.04
10183,03/05/2020 12:41,MOUNT WAVERLY,VIC,3149,PARKVILLE,VIC,3052,1,1,0.0071
10184,03/05/2020 12:45,BAYSWATER,VIC,3153,CRANBOURNE,VIC,3977,2,8,0.0718
10185,03/05/2020 12:46,DANDENONG SOUTH,VIC,3175,ROSEBUD,VIC,3939,1,5,0.001
10186,03/05/2020 12:47,CHESTER HILL,NSW,2162,CHARMHAVEN,NSW,2263,2,337,3.571
10187,03/05/2020 12:48,TRUGANINA,VIC,3029,CAPALABA,QLD,4157,1,1.08,0.0308
10188,03/05/2020 12:58,TRUGANINA,VIC,3029,COWRA,NSW,2794,1,1.32,0.0582
10189,03/05/2020 12:59,WOLLI CREEK,NSW,2205,WEST PYMBLE,NSW,2073,1,28,0.0827
10190,03/05/2020 13:06,DANDENONG SOUTH,VIC,3175,SOUTH YARRA,VIC,3141,1,5,0.001
10191,03/05/2020 13:07,TRUGANINA,VIC,3029,BATTERY POINT,TAS,7004,1,0.02,0.0034
10192,03/05/2020 13:07,TRUGANINA,VIC,3029,BERRI,SA,5343,1,95.39,0.96
10193,03/05/2020 13:08,LANE COVE,NSW,2066,MOREE,NSW,2400,2,26,0.0406
10194,03/05/2020 13:09,CROYDON,VIC,3136,SPRINGVALE,VIC,3171,1,500,1.152
10195,03/05/2020 13:10,TRUGANINA,VIC,3029,GLEN INNES,NSW,2370,1,4.14,0.0308
10196,03/05/2020 13:11,MOORABBIN,VIC,3189,WELSHPOOL,WA,6106,1,220,1.7695
10197,03/05/2020 13:12,DARLINGHURST,NSW,2010,PORT MELBOURNE,VIC,3207,1,0.1,0.003
10198,03/05/2020 13:12,MOUNT WAVERLY,VIC,3149,NORTH ADELAIDE,SA,5006,1,2,0.0092
10199,03/05/2020 13:14,UNLEY,SA,5061,STAWELL,VIC,3380,2,15.7,0.1148
10200,03/05/2020 13:14,TRUGANINA,VIC,3029,SCORESBY,VIC,3179,3,30.33,0.3287
10201,03/05/2020 13:14,AUBURN,NSW,2144,WAGGA WAGGA,NSW,2650,1,13,0.0166
10202,03/05/2020 13:15,ARNDELL PARK,NSW,2148,DANDENONG,VIC,3175,1,3,0.0035
10203,03/05/2020 13:17,MOUNT WAVERLY,VIC,3149,WAURN PONDS,VIC,3216,1,1,0.0071
10204,03/05/2020 13:18,MOUNT WAVERLY,VIC,3149,PRESTON,VIC,3072,1,1,0.0071
10205,03/05/2020 13:18,TRUGANINA,VIC,3029,WINNELLIE,NT,820,2,4.48,0.0451
10206,03/05/2020 13:19,PRESTONS,NSW,2170,PORT MACQUARIE,NSW,2444,1,3,0.0431
10207,03/05/2020 13:19,BRAESIDE,VIC,3195,HARLAXTON,QLD,4350,1,2,0.0098
10208,03/05/2020 13:19,TRUGANINA,VIC,3029,GEEVESTON,TAS,7116,1,9.17,0.0521
10209,03/05/2020 13:20,TRUGANINA,VIC,3029,ROBINA,QLD,4226,1,1.05,0.1324
10210,03/05/2020 13:22,TRUGANINA,VIC,3029,EAST ALBURY,NSW,2640,1,119.88,1.44
10211,03/05/2020 13:22,TRUGANINA,VIC,3029,ROBINA,QLD,4226,2,10.9,0.113
10212,03/05/2020 13:28,TRUGANINA,VIC,3029,MATRAVILLE,NSW,2036,2,11.6,0.1386
10213,03/05/2020 13:28,TRUGANINA,VIC,3029,BROOKVALE,NSW,2100,1,6.24,0.0792
10214,03/05/2020 13:28,AUBURN,NSW,2144,HAMILTON NORTH,NSW,2292,1,69,0.1764
10215,03/05/2020 13:30,CHESTER HILL,NSW,2162,LISMORE,NSW,2480,3,535,6.624
10216,03/05/2020 13:30,FRENCHS FOREST,NSW,2086,WILLOUGHBY,NSW,2068,1,2,0.0129
10217,03/05/2020 13:31,TRUGANINA,VIC,3029,SOUTH TOOWOOMBA,QLD,4350,1,6.15,0.0308
10218,03/05/2020 13:33,TRUGANINA,VIC,3029,KANGAROO FLAT,VIC,3555,1,83.6,0.96
10219,03/05/2020 13:35,TRUGANINA,VIC,3029,NOOSAVILLE,QLD,4566,2,6.15,0.0448
10220,03/05/2020 13:35,PORT MELBOURNE,VIC,3207,CAIRNS,QLD,4870,1,2,0.012
10221,03/05/2020 13:37,BANYO,QLD,4014,BUNDABERG,QLD,4670,1,432,1.728
10222,03/05/2020 13:38,GREYSTANES,NSW,2145,PORT MELBOURNE,VIC,3207,1,6,0.037
10223,03/05/2020 13:39,ARNDELL PARK,NSW,2148,GUNNEDAH,NSW,2380,1,15.8,0.0119
10224,03/05/2020 13:40,CARRUM DOWNS,VIC,3201,ECHUCA SOUTH,VIC,3564,1,200,0.903
10225,03/05/2020 13:41,TRUGANINA,VIC,3029,KEMPSEY,NSW,2440,1,146,2.791
10226,03/05/2020 13:42,TRUGANINA,VIC,3029,RUTHERFORD,NSW,2320,1,1.93,0.0199
10227,03/05/2020 13:43,BRAESIDE,VIC,3195,DINGLEY VILLAGE,VIC,3172,1,3,0.0094
10228,03/05/2020 13:46,LANE COVE,NSW,2066,SCORESBY,VIC,3179,1,3,0.0261
10229,03/05/2020 13:46,TRUGANINA,VIC,3029,GOOLWA,SA,5214,2,18.34,0.1042
10230,03/05/2020 13:47,KEYSBOROUGH,VIC,3173,MARLESTON,SA,5033,6,31,0.1092
10231,03/05/2020 13:51,MOUNT WAVERLY,VIC,3149,DANDENONG,VIC,3175,1,1,0.0071
10232,03/05/2020 13:51,TRUGANINA,VIC,3029,FAIRFIELD,VIC,3078,6,33.11,0.2527
10233,03/05/2020 13:55,TRUGANINA,VIC,3029,DINGLEY VILLAGE,VIC,3172,1,0.7,0.0078
10234,03/05/2020 13:58,TRUGANINA,VIC,3029,MOUNT ISA,QLD,4825,1,116.96,0.96
10235,03/05/2020 14:03,TRUGANINA,VIC,3029,MULLUMBIMBY,NSW,2482,2,9.3,0.073
10236,03/05/2020 14:07,MOUNT WAVERLY,VIC,3149,JOONDALUP,WA,6027,1,1,0.0071
10237,03/05/2020 14:08,TRUGANINA,VIC,3029,CAPALABA,QLD,4157,1,0.54,0.1324
10238,03/05/2020 14:10,TRUGANINA,VIC,3029,EAST BENDIGO,VIC,3550,1,1.13,0.0308
10239,03/05/2020 14:12,MILPERRA,NSW,2214,BUNGALOW,QLD,4870,1,1,0.0011
10240,03/05/2020 14:13,TRUGANINA,VIC,3029,WEST GOSFORD,NSW,2250,1,21,0.1204
10241,03/05/2020 14:13,PORT MELBOURNE,VIC,3207,SPEARWOOD,WA,6163,1,1,0.0074
10242,03/05/2020 14:14,CARLTON,NSW,2218,SAWTELL,NSW,2452,1,48,0.1014
10243,03/05/2020 14:17,BRENDALE,QLD,4500,TORONTO,NSW,2283,1,290,2.4047
10244,03/05/2020 14:18,TRUGANINA,VIC,3029,COFFS HARBOUR,NSW,2450,1,0.04,0.0082
10245,03/05/2020 14:23,TRUGANINA,VIC,3029,MANDURAH,WA,6210,1,1.11,0.0078
10246,03/05/2020 14:23,TRUGANINA,VIC,3029,CAIRNS,QLD,4870,2,6.57,0.0489
10247,03/05/2020 14:24,PORT MELBOURNE,VIC,3207,PEARCEDALE,VIC,3912,1,1.3,0.012
10248,03/05/2020 14:24,TRUGANINA,VIC,3029,ARMIDALE,NSW,2350,1,0.27,0.0173
10249,03/05/2020 14:25,PORT MELBOURNE,VIC,3207,BERRINBA,QLD,4117,1,170,0.8213
10250,03/05/2020 14:25,FRENCHS FOREST,NSW,2086,LEICHHARDT,NSW,2040,1,1,0.0043
10251,03/05/2020 14:26,BAYSWATER,VIC,3153,FYSHWICK,ACT,2609,3,22,0.2286
10252,03/05/2020 14:30,BANKSMEADOW,NSW,2019,DANDENONG SOUTH,VIC,3175,1,3,0.012
10253,03/05/2020 14:31,MOUNT WAVERLY,VIC,3149,HERSTON,QLD,4006,1,16,0.0524
10254,03/05/2020 14:32,CLAYTON,VIC,3168,MOUNT MARTHA,VIC,3934,1,30,0.5737
10255,03/05/2020 14:32,TRUGANINA,VIC,3029,PORT MACQUARIE,NSW,2444,1,14.7,0.1204
10256,03/05/2020 14:35,LANE COVE,NSW,2066,MOUNT WAVERLY,VIC,3149,1,1,0.0039
10257,03/05/2020 14:36,TRUGANINA,VIC,3029,SHEIDOW PARK,SA,5158,3,27.51,0.1563
10258,03/05/2020 14:36,BAYSWATER,VIC,3153,ORIENT POINT,NSW,2540,1,1,0.004
10259,03/05/2020 14:38,TRUGANINA,VIC,3029,LITHGOW,NSW,2790,2,12.12,0.0136
10260,03/05/2020 14:38,BRAESIDE,VIC,3195,BROOKVALE,NSW,2100,2,29,0.0771
10261,03/05/2020 14:40,TRUGANINA,VIC,3029,CURRUMBIN WATERS,QLD,4223,1,9.17,0.0521
10262,03/05/2020 14:41,TRUGANINA,VIC,3029,KINGSTON SE,SA,5275,1,6.15,0.0308
10263,03/05/2020 14:41,MOUNT WAVERLY,VIC,3149,ST LEONARDS,NSW,2065,1,1,0.0071
10264,03/05/2020 14:42,MOUNT WAVERLY,VIC,3149,WESTMEAD,NSW,2145,1,2,0.0092
10265,03/05/2020 14:42,PORT MELBOURNE,VIC,3207,POINT COOK,VIC,3030,1,1,0.0074
10266,03/05/2020 14:43,PERTH AIRPORT,WA,6105,DANDENONG SOUTH,VIC,3175,1,3,0
10267,03/05/2020 14:45,BRENDALE,QLD,4500,Moonah,TAS,7009,3,12,0.144
10268,03/05/2020 14:46,MAIDSTONE,VIC,3012,DANDENONG,VIC,3175,3,1710,5.184
10269,03/05/2020 14:47,TRUGANINA,VIC,3029,PERTH AIRPORT,WA,6000,1,0.05,0.0082
10270,03/05/2020 14:49,TRUGANINA,VIC,3029,PAGET,QLD,4740,1,372,2.699
10271,03/05/2020 14:49,MOUNT WAVERLY,VIC,3149,ESPERANCE,WA,6450,1,4,0.0238
10272,03/05/2020 14:50,TRUGANINA,VIC,3029,MENTONE,VIC,3194,1,2.02,0.0068
10273,03/05/2020 14:50,BRAESIDE,VIC,3195,WEST GOSFORD,NSW,2250,1,3,0.0131
10274,03/05/2020 14:51,GREENACRE,NSW,2190,REDBANK,NSW,2446,1,140,0.6732
10275,03/05/2020 14:56,TRUGANINA,VIC,3029,ERAKALA,QLD,4740,1,1.18,0.1324
10276,03/05/2020 14:58,CLAYTON,VIC,3168,TWEED HEADS SOUTH,NSW,2486,1,345,2.6239
10277,03/05/2020 15:03,AUBURN,NSW,2144,FYSHWICK,ACT,2609,1,16,0.0363
10278,03/05/2020 15:03,CAMPBELLFIELD,VIC,3061,RICHMOND,SA,5033,4,68,0.1036
10279,03/05/2020 15:03,TINGALPA,QLD,4173,BRISBANE CITY,QLD,4000,1,1,0
10280,03/05/2020 15:05,TRUGANINA,VIC,3029,EBENEZER,NSW,2756,1,0.43,0.1966
10281,03/05/2020 15:06,BAYSWATER,VIC,3153,FORRESTERS BEACH,NSW,2260,2,10,0.0704
10282,03/05/2020 15:06,TRUGANINA,VIC,3029,DANDENONG SOUTH,VIC,3175,1,6.15,0.0308
10283,03/05/2020 15:06,FRENCHS FOREST,NSW,2086,NEWCASTLE WEST,NSW,2302,1,3,0.0123
10284,03/05/2020 15:06,ROWVILLE,VIC,3178,ADELAIDE,SA,5000,2,26,0.0548
10285,03/05/2020 15:07,TRUGANINA,VIC,3029,GRIFFITH,NSW,2680,1,6.15,0.0308
10286,03/05/2020 15:07,FOREST HILL,VIC,3131,BROADMEADOWS,VIC,3047,7,35,0.98
10287,03/05/2020 15:07,PORT MELBOURNE,VIC,3207,GARBUTT,QLD,4814,4,28.8,0.2084
10288,03/05/2020 15:07,TRUGANINA,VIC,3029,MENTONE,VIC,3194,1,0.06,0.0034
10289,03/05/2020 15:07,TRUGANINA,VIC,3029,ST LEONARDS,NSW,2065,1,0.21,0.0199
10290,03/05/2020 15:10,TRUGANINA,VIC,3029,ACTON,TAS,7320,1,5.2,0.0702
10291,03/05/2020 15:10,MOUNT WAVERLY,VIC,3149,ST  LEONARDS,NSW,2065,1,4,0.0207
10292,03/05/2020 15:14,ARNDELL PARK,NSW,2148,DUNEDOO,NSW,2844,3,43.6,0.0443
10293,03/05/2020 15:16,LANE COVE,NSW,2066,BENOWA,QLD,4217,3,22,0.1567
10294,03/05/2020 15:16,CROYDON,VIC,3136,BUNDOORA,VIC,3083,1,11,0.024
10295,03/05/2020 15:22,LANE COVE,NSW,2066,ADELAIDE,SA,5000,1,5,0.02
10296,03/05/2020 15:23,MARYBOROUGH,QLD,4650,PARKINSON,QLD,4115,1,10,0.08
10297,03/05/2020 15:24,DANDENONG SOUTH,VIC,3175,HOBART,TAS,7000,3,13,0.2524
10298,03/05/2020 15:28,TRUGANINA,VIC,3029,NEW AUCKLAND,QLD,4680,1,0.06,0.0082
10299,03/05/2020 15:29,TRUGANINA,VIC,3029,BOX HILL SOUTH,VIC,3128,1,0.18,0.0349
10300,03/05/2020 15:32,PRESTONS,NSW,2170,RACEVIEW,QLD,4305,1,2,0.0053
10301,03/05/2020 15:32,BRAESIDE,VIC,3195,CASTLE HILL,NSW,2154,1,3,0.0131
10302,03/05/2020 15:33,ARNDELL PARK,NSW,2148,YASS,NSW,2582,1,21.4,0.0205
10303,03/05/2020 15:34,TRUGANINA,VIC,3029,DARLING HEIGHTS,QLD,4350,1,1.11,0.0078
10304,03/05/2020 15:35,MOUNT WAVERLY,VIC,3149,BUNBURY,WA,6230,1,4,0.0168
10305,03/05/2020 15:35,MOUNT WAVERLY,VIC,3149,MOUNT ISA,QLD,4825,1,9,0.0774
10306,03/05/2020 15:35,TRUGANINA,VIC,3029,NHILL,VIC,3418,1,2.12,0.0308
10307,03/05/2020 15:35,CLAYTON,VIC,3168,GREENACRE,NSW,2190,1,245,2.153
10308,03/05/2020 15:37,CLAYTON,VIC,3168,SUNBURY,VIC,3429,1,50,0.255
10309,03/05/2020 15:38,TRUGANINA,VIC,3029,BROWNS PLAINS,QLD,4118,1,16,0.1457
10310,03/05/2020 15:47,DANDENONG SOUTH,VIC,3175,PRAHRAN,VIC,3181,1,5,0.001
10311,03/05/2020 15:49,TRUGANINA,VIC,3029,TOOWOOMBA CITY,QLD,4350,2,61,0.4024
10312,03/05/2020 15:50,TRUGANINA,VIC,3029,MORWELL,VIC,3840,1,8.02,0.0417
10313,03/05/2020 15:52,DANDENONG SOUTH,VIC,3175,MORTDALE,NSW,2223,1,3,0.0505
10314,03/05/2020 15:54,CLAYTON,VIC,3168,DELACOMBE,VIC,3356,1,80,0.81
10315,03/05/2020 15:55,TRUGANINA,VIC,3029,HORSHAM,VIC,3400,4,85.2,0.1232
10316,03/05/2020 15:55,TRUGANINA,VIC,3029,SALE,VIC,3850,1,6.15,0.0308
10317,03/05/2020 16:03,BAYSWATER,VIC,3153,LARAPINTA,QLD,4110,1,5.3,0.0575
10318,03/05/2020 16:04,CHESTER HILL,NSW,2162,MUDGEE,NSW,2850,4,63,0.25
10319,03/05/2020 16:07,TRUGANINA,VIC,3029,MACKAY,QLD,4740,1,112.37,1.44
10320,03/05/2020 16:08,PORT MELBOURNE,VIC,3207,SOUTHPORT,QLD,4215,1,4.7,0.019
10321,03/05/2020 16:11,TRUGANINA,VIC,3029,ECHUCA SOUTH,VIC,3564,5,23.47,0.1828
10322,03/05/2020 16:11,DANDENONG SOUTH,VIC,3175,EMERALD,VIC,3782,1,5,0.008
10323,03/05/2020 16:12,RINGWOOD,VIC,3134,HEMMANT,QLD,4174,1,25,4.725
10324,03/05/2020 16:13,TRUGANINA,VIC,3029,CROYDON,VIC,3136,2,166.98,1.2792
10325,03/05/2020 16:14,TRUGANINA,VIC,3029,CAMPBELLFIELD,VIC,3061,1,75.12,0.96
10326,03/05/2020 16:14,TRUGANINA,VIC,3029,MONA VALE,NSW,2103,6,34.39,0.2833
10327,03/05/2020 16:17,PRESTONS,NSW,2170,CLAYTON SOUTH,VIC,3169,1,1.1,0.0123
10328,03/05/2020 16:21,DANDENONG SOUTH,VIC,3175,DANDENONG NORTH,VIC,3175,1,5,0.001
10329,03/05/2020 16:24,AUBURN,NSW,2144,EAST ROCKINGHAM,WA,6168,2,37,0.0256
10330,03/05/2020 16:24,TRUGANINA,VIC,3029,SEFTON PARK,SA,5083,4,126.69,1.9966
10331,03/05/2020 16:26,TRUGANINA,VIC,3029,CHELSEA HEIGHTS,VIC,3196,1,4.14,0.0308
10332,03/05/2020 16:26,EASTERN CREEK,NSW,2766,BELROSE,NSW,2085,1,35,0.6188
10333,03/05/2020 16:29,MANSFIELD,QLD,4122,WOOLLOONGABBA,QLD,4102,1,1,0.0018
10334,03/05/2020 16:30,TRUGANINA,VIC,3029,GERALDTON PO,WA,6531,1,0.09,0.0034
10335,03/05/2020 16:30,MOUNT WAVERLY,VIC,3149,HEIDELBERG,VIC,3084,1,1,0.0071
10336,03/05/2020 16:35,LANE COVE,NSW,2066,IPSWICH,QLD,4305,1,2,0.0113
10337,03/05/2020 16:38,TRUGANINA,VIC,3029,TOOWOOMBA CITY,QLD,4350,1,105,1.44
10338,03/05/2020 16:41,PORT MELBOURNE,VIC,3207,BRUNSWICK EAST,VIC,3057,1,2.15,0.0074
10339,03/05/2020 16:45,TRUGANINA,VIC,3029,TWEED HEADS SOUTH,NSW,2486,1,63.69,1.44
10340,03/05/2020 16:46,TRUGANINA,VIC,3029,RAVENHALL,VIC,3023,1,0.65,0.0078
10341,03/05/2020 16:48,INGLEBURN,NSW,2565,INGLEBURN,NSW,2565,1,0.6,0.003
10342,03/05/2020 16:49,BAYSWATER,VIC,3153,SCORESBY,VIC,3179,25,119.3,1.3289
10343,03/05/2020 16:52,PORT MELBOURNE,VIC,3207,WANGARA,WA,6065,3,12,0.0434
10344,03/05/2020 16:52,MOUNT WAVERLY,VIC,3149,SHEPPARTON,VIC,3630,1,1,0.0537
10345,03/05/2020 16:55,BRAESIDE,VIC,3195,BAYSWATER,VIC,3153,2,34,0.1098
10346,03/05/2020 16:56,MANSFIELD,QLD,4122,MOUNT LOUISA,QLD,4814,1,3.3,0.0426
10347,03/05/2020 16:56,PORT MELBOURNE,VIC,3207,LIVERPOOL,NSW,2170,1,2,0.0137
10348,03/05/2020 17:01,BRENDALE,QLD,4500,SMEATON GRANGE,NSW,2567,4,61,0.387
10349,03/05/2020 17:02,MOUNT WAVERLY,VIC,3149,HERVEY BAY,QLD,4655,1,1,0.0011
10350,03/05/2020 17:03,TRUGANINA,VIC,3029,LINDFIELD WEST,NSW,2070,1,0.06,0.0034
10351,03/05/2020 17:03,DERRIMUT,VIC,3026,ALEXANDRA,VIC,3714,1,561,2.3137
10352,03/05/2020 17:08,BRAESIDE,VIC,3195,WETHERILL PARK,NSW,2164,1,265,1.9257
10353,03/05/2020 17:09,KEYSBOROUGH,VIC,3173,HOBART,TAS,7000,10,48,0.173
10354,03/05/2020 17:10,PORT MELBOURNE,VIC,3207,KEMPS CREEK,NSW,2178,1,270,1.3689
10355,03/05/2020 17:11,CLAYTON,VIC,3168,MORWELL,VIC,3840,1,120,0.6431
10356,03/05/2020 17:12,TRUGANINA,VIC,3029,ROCKDALE,NSW,2216,1,225,1.878
10357,03/05/2020 17:14,INGLEBURN,NSW,2565,SOUTH BRISBANE,QLD,4101,1,60,0.336
10358,03/05/2020 17:15,DERRIMUT,VIC,3026,MORDIALLOC,VIC,3195,1,340,2.016
10359,03/05/2020 17:15,BRENDALE,QLD,4500,GILGANDRA,NSW,2827,1,40,0.3122
10360,03/05/2020 17:19,BRAESIDE,VIC,3195,ARNDELL PARK,NSW,2148,1,3,0.0116
10361,03/05/2020 17:25,TRUGANINA,VIC,3029,MOUNT GRAVATT,QLD,4122,1,205.12,2.16
10362,03/05/2020 17:31,PORT MELBOURNE,VIC,3207,CAMELLIA,NSW,2142,2,600,3.696
10363,03/05/2020 17:31,TRUGANINA,VIC,3029,COONABARABRAN,NSW,2357,1,1.11,0.0078
10364,03/05/2020 17:31,TRUGANINA,VIC,3029,YOUNG,NSW,2594,1,1.11,0.0078
10365,03/05/2020 17:31,HAZELMERE,WA,6055,MIDLAND,WA,6056,2,23,0.3238
10366,03/05/2020 17:37,DANDENONG SOUTH,VIC,3175,COBURG,VIC,3058,1,3,0.0012
10367,03/05/2020 17:38,KEYSBOROUGH,VIC,3173,PERTH AIRPORT,WA,6105,1,455,1.728
10368,03/05/2020 17:38,TRUGANINA,VIC,3029,EDENSOR PARK,NSW,2176,1,0.03,0.0034
10369,03/05/2020 17:40,REGENTS PARK,NSW,2143,COOPERS PLAINS,QLD,4108,1,20,0.096
10370,03/05/2020 17:42,DANDENONG SOUTH,VIC,3175,INDOOROOPILLY,QLD,4068,1,3,0.0012
10371,03/05/2020 17:42,DANDENONG SOUTH,VIC,3175,BATHURST,NSW,2795,1,3,0.0012
10372,03/05/2020 17:44,TRUGANINA,VIC,3029,MILDURA,VIC,3500,1,21.3,0.0308
10373,03/05/2020 17:44,DANDENONG SOUTH,VIC,3175,MORNINGTON,VIC,3931,1,5,0.001
10374,03/05/2020 17:46,BAYSWATER,VIC,3153,EAGLE FARM,QLD,4009,1,1,0.0077
10375,03/05/2020 17:47,PORT MELBOURNE,VIC,3207,KENSINGTON,VIC,3031,1,1,0.0074
10376,03/05/2020 17:47,DANDENONG SOUTH,VIC,3175,NARRABRI,NSW,2390,1,3,0.0012
10377,03/05/2020 17:48,TRUGANINA,VIC,3029,SIPPY DOWNS,QLD,4556,1,7,0.0448
10378,03/05/2020 17:50,TRUGANINA,VIC,3029,CASTLE HILL,NSW,2154,5,21.78,0.2627
10379,03/05/2020 18:01,MOUNT WAVERLY,VIC,3149,WOODVILLE,SA,5011,1,1,0.0071
10380,03/05/2020 18:04,TRUGANINA,VIC,3029,BALGOWLAH,NSW,2093,1,195,1.383
10381,03/05/2020 18:07,TRUGANINA,VIC,3029,PADDINGTON,NSW,2021,4,17.56,0.2036
10382,03/05/2020 18:07,ARNDELL PARK,NSW,2148,LITHGOW,NSW,2790,2,42.8,0.041
10383,03/05/2020 18:08,TRUGANINA,VIC,3029,CARINGBAH,NSW,2229,3,21,0.2091
10384,03/05/2020 18:14,TRUGANINA,VIC,3029,SLACKS CREEK,QLD,4127,1,16,0.1457
10385,03/05/2020 18:17,CROYDON,VIC,3136,KEWDALE,WA,6105,2,23,0.072
10386,03/05/2020 18:20,DANDENONG SOUTH,VIC,3175,BELLA VISTA,NSW,2153,1,3,0.0012
10387,03/05/2020 18:20,BRAESIDE,VIC,3195,PORT MACQUARIE,NSW,2444,2,10,0.066
10388,03/05/2020 18:24,DANDENONG SOUTH,VIC,3175,OFFICER,VIC,3809,1,5,0.001
10389,03/05/2020 18:28,TRUGANINA,VIC,3029,EBENEZER,NSW,2756,1,16,0.0947
10390,03/05/2020 18:28,DANDENONG SOUTH,VIC,3175,SUNSHINE NORTH,VIC,3020,1,3,0.0012
10391,03/05/2020 18:30,DANDENONG SOUTH,VIC,3175,DANDENONG,VIC,3175,1,5,0.001
10392,03/05/2020 18:31,CAMPBELLFIELD,VIC,3061,KIAMA,NSW,2533,3,28,0.0528
10393,03/05/2020 18:31,TRUGANINA,VIC,3029,KINGS MEADOWS,TAS,7249,1,0.03,0.0034
10394,03/05/2020 18:35,PORT MELBOURNE,VIC,3207,MOSMAN,NSW,2088,1,1.5,0.012
10395,03/05/2020 18:37,TRUGANINA,VIC,3029,PROSPECT,SA,5082,2,16.04,0.0616
10396,03/05/2020 18:44,WOLLI CREEK,NSW,2205,CARRINGTON,NSW,2294,1,13,0.0506
10397,03/05/2020 18:49,TRUGANINA,VIC,3029,TUGGERAH,NSW,2259,1,0.33,0.0349
10398,03/05/2020 18:51,TRUGANINA,VIC,3029,WYNNUM,QLD,4178,1,0.05,0.0034
10399,03/05/2020 18:54,TRUGANINA,VIC,3029,BIBRA LAKE,WA,6163,1,63.69,1.44
10400,03/05/2020 18:55,TRUGANINA,VIC,3029,NORLANE COVE,VIC,3214,10,112.57,1.5461
10401,04/05/2020 08:00,BRAESIDE,VIC,3195,ROCKHAMPTON DC,QLD,4701,1,5,0.033
10402,04/05/2020 08:02,BRAESIDE,VIC,3195,THOMASTOWN,VIC,3074,1,2,0.0098
10403,04/05/2020 08:02,BAYSWATER,VIC,3153,FRENCHS,NSW,2086,1,8,0.0435
10404,04/05/2020 08:03,LANE COVE,NSW,2066,JANDAKOT,WA,6164,1,460,1.08
10405,04/05/2020 08:04,CAMPBELLFIELD,VIC,3061,WEST MELBOURNE,VIC,3003,2,17,0.0527
10406,04/05/2020 08:04,TRUGANINA,VIC,3029,SPRINGVALE,VIC,3171,1,114.06,0.96
10407,04/05/2020 08:09,TRUGANINA,VIC,3029,CLYDE NORTH,VIC,3978,1,0.06,0.0034
10408,04/05/2020 08:12,TRUGANINA,VIC,3029,GROVEDALE,VIC,3216,2,27.81,0.2844
10409,04/05/2020 08:15,MOUNT WAVERLY,VIC,3149,FRENCHS,NSW,2086,1,3,0.0168
10410,04/05/2020 08:15,MOUNT WAVERLY,VIC,3149,CAMPBELLTOWN,NSW,2560,1,1,0.0071
10411,04/05/2020 08:15,DANDENONG SOUTH,VIC,3175,BRISBANE AIRPORT,QLD,4008,2,20,0.032
10412,04/05/2020 08:16,TRUGANINA,VIC,3029,WARRIEWOOD,NSW,2102,1,6.15,0.0308
10413,04/05/2020 08:16,TRUGANINA,VIC,3029,BRENDALE,QLD,4500,1,63.69,1.44
10414,04/05/2020 08:20,MOUNT WAVERLY,VIC,3149,EPPING,VIC,3076,1,1,0.0071
10415,04/05/2020 08:20,TRUGANINA,VIC,3029,UNANDERRA,NSW,2526,1,28.5,0
10416,04/05/2020 08:21,TRUGANINA,VIC,3029,HECTORVILLE,SA,5073,9,49.56,0.459
10417,04/05/2020 08:25,LANE COVE,NSW,2066,BANKSTOWN,NSW,2200,1,1,0.0039
10418,04/05/2020 08:25,DERRIMUT,VIC,3026,JORDAN SPRINGS,NSW,2747,1,315,1.6992
10419,04/05/2020 08:29,INGLEBURN,NSW,2565,DANDENONG SOUTH,VIC,3175,1,1,0.0013
10420,04/05/2020 08:30,TRUGANINA,VIC,3029,TAMWORTH,NSW,2340,1,6.15,0.0308
10421,04/05/2020 08:30,INGLEBURN,NSW,2565,MACQUARIE PARK,NSW,2113,1,1,0.0013
10422,04/05/2020 08:35,CARRUM DOWNS,VIC,3201,OSBORNE PARK,WA,6017,1,3,0.009
10423,04/05/2020 08:36,AUBURN,NSW,2144,WARABROOK,NSW,2304,2,18,0.0147
10424,04/05/2020 08:36,KEYSBOROUGH,VIC,3173,MOUNT ST JOHN,QLD,4818,4,16,0.0548
10425,04/05/2020 08:36,AUBURN,NSW,2144,WEDGEFIELD,WA,6721,1,97,0.2412
10426,04/05/2020 08:38,TRUGANINA,VIC,3029,EVANSTON,SA,5116,1,1.25,0.0199
10427,04/05/2020 08:39,MILPERRA,NSW,2214,GOOGONG,NSW,2620,1,1,0.0022
10428,04/05/2020 08:39,BRAESIDE,VIC,3195,DARWIN,NT,801,1,5,0.033
10429,04/05/2020 08:44,LANE COVE,NSW,2066,HEIDELBERG WEST,VIC,3081,1,5,0.0412
10430,04/05/2020 08:46,TRUGANINA,VIC,3029,WHYALLA,SA,5600,1,0.35,0.0173
10431,04/05/2020 08:46,CAMPBELLFIELD,VIC,3061,MILDURA,VIC,3500,3,51,0.0777
10432,04/05/2020 08:48,AUBURN,NSW,2144,WATERLOO,NSW,2017,1,6,0.0199
10433,04/05/2020 08:48,WURTULLA,QLD,4575,AUBURN,NSW,2144,2,29,0.1286
10434,04/05/2020 08:48,DANDENONG SOUTH,VIC,3175,CRANBOURNE,VIC,3977,1,5,0.008
10435,04/05/2020 08:49,TRUGANINA,VIC,3029,TRAFALGAR,VIC,3824,1,5.81,0.0792
10436,04/05/2020 08:50,HAZELMERE,WA,6055,MADDINGTON,WA,6109,2,145,0.9378
10437,04/05/2020 08:52,TRUGANINA,VIC,3029,HECTORVILLE,SA,5073,4,152.63,1.0254
10438,04/05/2020 08:52,TRUGANINA,VIC,3029,BROADMEADOWS,VIC,3047,1,2.74,0.0308
10439,04/05/2020 08:54,LANE COVE,NSW,2066,NORTH MELBOURNE,VIC,3051,1,1,0.0113
10440,04/05/2020 08:54,TRUGANINA,VIC,3029,BELCONNEN,ACT,2616,1,0.2,0.0349
10441,04/05/2020 08:55,LANE COVE,NSW,2066,WESTMEAD,NSW,2145,1,2,0.0113
10442,04/05/2020 09:00,TRUGANINA,VIC,3029,BENOWA,QLD,4217,1,0.09,0.0082
10443,04/05/2020 09:01,LANE COVE,NSW,2066,FITZROY,VIC,3065,1,2,0.0113
10444,04/05/2020 09:01,BRAESIDE,VIC,3195,PADSTOW,NSW,2211,2,18,0.0444
10445,04/05/2020 09:01,BRAESIDE,VIC,3195,THOMASTOWN,VIC,3074,1,4,0.0222
10446,04/05/2020 09:01,ROWVILLE,VIC,3178,FYSHWICK,ACT,2609,5,65,0.137
10447,04/05/2020 09:02,PORT MELBOURNE,VIC,3207,EDWARDSTOWN,SA,5039,2,14.4,0.1092
10448,04/05/2020 09:03,MOUNT WAVERLY,VIC,3149,MACQUARIE UNIVERSITY,NSW,2109,1,17,0.0836
10449,04/05/2020 09:03,DANDENONG SOUTH,VIC,3175,SOUTH YARRA,VIC,3141,20,160,1.28
10450,04/05/2020 09:03,TRUGANINA,VIC,3029,LAWNTON,QLD,4501,1,89,0.798
10451,04/05/2020 09:04,PORT MELBOURNE,VIC,3207,RYE,VIC,3941,1,1.8,0.0074
10452,04/05/2020 09:05,TRUGANINA,VIC,3029,FYSHWICK,ACT,2609,1,6.15,0.0308
10453,04/05/2020 09:05,MOUNT WAVERLY,VIC,3149,ST LEONARDS,NSW,2065,1,1,0.0071
10454,04/05/2020 09:08,MOUNT WAVERLY,VIC,3149,CARLTON,VIC,3053,1,1,0.0071
10455,04/05/2020 09:09,MOUNT WAVERLY,VIC,3149,WARATAH,NSW,2298,1,5,0.0774
10456,04/05/2020 09:10,LANE COVE,NSW,2066,GLADSTONE,QLD,4680,1,1,0.0039
10457,04/05/2020 09:11,KEYSBOROUGH,VIC,3173,SCORESBY,VIC,3179,2,14,0.1379
10458,04/05/2020 09:13,PORT MELBOURNE,VIC,3207,ORANGE,NSW,2800,1,2,0.012
10459,04/05/2020 09:14,LANE COVE,NSW,2066,NORTH RYDE,NSW,2113,1,2,0.0113
10460,04/05/2020 09:14,TRUGANINA,VIC,3029,HEATHERTON,VIC,3202,1,0.34,0.0173
10461,03/05/2020 08:17,KEYSBOROUGH,VIC,3173,EASTERN CREEK,NSW,2766,5,1320,13.7
10462,04/05/2020 09:18,MOUNT WAVERLY,VIC,3149,BIRTINYA,QLD,4575,1,1,0.0071
10463,04/05/2020 09:19,TRUGANINA,VIC,3029,FOSTER,VIC,3960,1,2.74,0.0308
10464,04/05/2020 09:20,SEFTON PARK,SA,5083,MOUNT BARKER,SA,5251,1,2,0.064
10465,04/05/2020 09:20,TRUGANINA,VIC,3029,SUNSHINE NORTH,VIC,3020,1,136.3,1.44
10466,04/05/2020 09:23,BRENDALE,QLD,4500,Dural,NSW,2158,1,30,0.48
10467,04/05/2020 09:25,CAMPBELLFIELD,VIC,3061,CURRAJONG,QLD,4812,4,68,0.1036
10468,04/05/2020 09:26,CARRUM DOWNS,VIC,3201,CANUNGRA,QLD,4275,1,10,0.0327
10469,04/05/2020 09:27,PORT MELBOURNE,VIC,3207,MOUNT KURING-GAI,NSW,2080,3,19.5,0.1221
10470,04/05/2020 09:28,TRUGANINA,VIC,3029,MOUNT VIEW,NSW,2325,1,0.42,0.0521
10471,04/05/2020 09:28,PORT MELBOURNE,VIC,3207,BERRINBA,QLD,4117,1,120,0.8213
10472,04/05/2020 09:28,DANDENONG SOUTH,VIC,3175,CANNING VALE,WA,6155,1,212,0.5856
10473,04/05/2020 09:29,TRUGANINA,VIC,3029,BLACKWOOD,SA,5051,1,9.17,0.0521
10474,04/05/2020 09:31,DANDENONG SOUTH,VIC,3175,HAMILTON,VIC,3300,1,3,0.0089
10475,04/05/2020 09:31,DANDENONG SOUTH,VIC,3175,SYDNEY,NSW,2000,1,2,0.0097
10476,04/05/2020 09:31,BAYSWATER,VIC,3153,CAMDEN PARK,SA,5038,5,23.5,0.2495
10477,04/05/2020 09:32,TRUGANINA,VIC,3029,DELACOMBE,VIC,3356,2,6.6,0.11
10478,04/05/2020 09:32,TRUGANINA,VIC,3029,COWES,VIC,3922,5,9.74,0.114
10479,04/05/2020 09:32,TRUGANINA,VIC,3029,MOSSMAN,QLD,4873,5,29.83,0.2596
10480,04/05/2020 09:33,BRAESIDE,VIC,3195,UNANDERRA,NSW,2526,1,4,0.0222
10481,04/05/2020 09:33,LANE COVE,NSW,2066,GEELONG,VIC,3220,1,4,0.016
10482,04/05/2020 09:33,ACACIA RIDGE,QLD,4110,RIVERVIEW,QLD,4303,1,23,0.0313
10483,04/05/2020 09:34,TRUGANINA,VIC,3029,PERTH AIRPORT,WA,6105,1,46.01,0.96
10484,04/05/2020 09:34,KEYSBOROUGH,VIC,3173,EASTERN CREEK,NSW,2766,1,225,1.9296
10485,04/05/2020 09:34,TRUGANINA,VIC,3029,MORAYFIELD,QLD,4506,3,605.93,3.96
10486,04/05/2020 09:34,LANE COVE,NSW,2066,ASCOT,WA,6104,1,1,0.011
10487,04/05/2020 09:35,TRUGANINA,VIC,3029,NORLANE COVE,VIC,3214,1,1.45,0.0417
10488,04/05/2020 09:35,PORT MELBOURNE,VIC,3207,MOLENDINAR,QLD,4214,1,4,0.0357
10489,04/05/2020 09:36,SMITHFIELD,NSW,2164,WELSHPOOL,WA,6106,4,4,0.054
10490,04/05/2020 09:36,HAZELMERE,WA,6055,O'CONNOR,WA,6163,2,32,0.4068
10491,04/05/2020 09:36,TRUGANINA,VIC,3029,STRATHALBYN,SA,5255,2,18.34,0.1042
10492,04/05/2020 09:37,DANDENONG SOUTH,VIC,3175,WOLLONGONG,NSW,2500,1,3,0.0012
10493,04/05/2020 09:40,TRUGANINA,VIC,3029,MANLY WEST,QLD,4179,2,332.17,3
10494,04/05/2020 09:40,TRUGANINA,VIC,3029,FRANKSTON SOUTH,VIC,3199,1,0.89,0.0308
10495,04/05/2020 09:41,TRUGANINA,VIC,3029,TAREN POINT,NSW,2229,1,0.28,0.0349
10496,04/05/2020 09:41,PRESTONS,NSW,2170,CLAYTON,VIC,3168,2,15.1,0.0751
10497,04/05/2020 09:42,TRUGANINA,VIC,3029,LOGANHOLME,QLD,4129,2,6.15,0.0468
10498,04/05/2020 09:43,PORT MELBOURNE,VIC,3207,NEWTOWN,NSW,2042,2,10.7,0.0472
10499,04/05/2020 09:44,TRUGANINA,VIC,3029,PENRITH,NSW,2750,1,1.71,0.0199
10500,04/05/2020 09:44,TINGALPA,QLD,4173,SOUTH BRISBANE,QLD,4101,1,1,0
10501,04/05/2020 09:45,MOUNT WAVERLY,VIC,3149,CHERMSIDE,QLD,4032,2,42,0.083
10502,04/05/2020 09:46,TRUGANINA,VIC,3029,MERNDA,VIC,3754,1,0.05,0.0034
10503,04/05/2020 09:46,TRUGANINA,VIC,3029,BENDIGO,VIC,3550,1,2.12,0.0308
10504,04/05/2020 09:46,MANSFIELD,QLD,4122,GARBUTT,QLD,4814,1,5.2,0.0415
10505,04/05/2020 09:47,ARNDELL PARK,NSW,2148,HOWLONG,NSW,2643,1,175,0.4598
10506,04/05/2020 09:48,TRUGANINA,VIC,3029,MOUNT MARTHA,VIC,3934,1,1.42,0.0308
10507,04/05/2020 09:50,PORT MELBOURNE,VIC,3207,DURAL,NSW,2158,1,7.2,0.0521
10508,04/05/2020 09:50,INGLEBURN,NSW,2565,INNALOO,WA,6018,1,1,0.0034
10509,04/05/2020 09:50,ACACIA RIDGE,QLD,4110,MOUNT WAVERLY,VIC,3149,1,80,0.6834
10510,04/05/2020 09:50,TRUGANINA,VIC,3029,BARHAM,NSW,2732,2,12.96,0.1214
10511,04/05/2020 09:54,TRUGANINA,VIC,3029,TRARALGON,VIC,3844,1,54.66,0.48
10512,04/05/2020 09:55,TRUGANINA,VIC,3029,SOUTH LISMORE,NSW,2480,2,8.02,0.0708
10513,04/05/2020 09:56,DANDENONG SOUTH,VIC,3175,SUMMER HILL,NSW,2130,1,90,0.4445
10514,04/05/2020 09:58,MOUNT WAVERLY,VIC,3149,RANDWICK,NSW,2031,1,1,0.0071
10515,04/05/2020 09:58,BAYSWATER,VIC,3153,RANDWICK,NSW,2031,4,18.9,0.2084
10516,04/05/2020 10:00,TRUGANINA,VIC,3029,WILEY PARK,NSW,2195,1,6.15,0.0308
10517,04/05/2020 10:01,MOUNT WAVERLY,VIC,3149,YENNORA,NSW,2161,6,660,5.8848
10518,04/05/2020 10:02,DERRIMUT,VIC,3026,OConnor,WA,6163,1,23,0.0752
10519,04/05/2020 10:03,GRAFTON,NSW,2460,LANE,NSW,2066,1,18,0.0708
10520,04/05/2020 10:03,MOUNT WAVERLY,VIC,3149,ST LEONARDS,NSW,2065,1,2,0.0168
10521,04/05/2020 10:03,DANDENONG SOUTH,VIC,3175,HOBART,TAS,7000,1,3,0.0012
10522,04/05/2020 10:03,HAZELMERE,WA,6055,KUNUNURRA,WA,6743,1,9.27,0.0308
10523,04/05/2020 10:04,BRAESIDE,VIC,3195,DANDENONG SOUTH,VIC,3175,1,5,0.0222
10524,04/05/2020 10:05,MOORABBIN,VIC,3189,STRATFORD,QLD,4870,1,110,1.32
10525,04/05/2020 10:06,KEYSBOROUGH,VIC,3173,MACKAY,QLD,4740,2,8,0.0274
10526,04/05/2020 10:06,TRUGANINA,VIC,3029,ASPLEY,QLD,4034,2,8.02,0.0688
10527,04/05/2020 10:06,TRUGANINA,VIC,3029,NINDAROO,QLD,4740,3,2.48,0.0589
10528,04/05/2020 10:07,TRUGANINA,VIC,3029,RENMARK,SA,5341,1,0.35,0.0173
10529,04/05/2020 10:07,BRAESIDE,VIC,3195,WANGARA,WA,6065,1,3,0.0131
10530,04/05/2020 10:07,TRUGANINA,VIC,3029,RESERVOIR,VIC,3073,1,0.14,0.0349
10531,04/05/2020 10:08,INGLEBURN,NSW,2565,SYDNEY,NSW,2000,1,1,0.0034
10532,04/05/2020 10:08,TRUGANINA,VIC,3029,BYRON BAY,NSW,2481,5,16.64,0.1882
10533,04/05/2020 10:09,TRUGANINA,VIC,3029,BUNDABERG EAST,QLD,4670,1,1.11,0.0078
10534,04/05/2020 10:09,LAVERTON NORTH,VIC,3026,LEURA,NSW,2780,1,70,0.2177
10535,04/05/2020 10:10,DINGLEY VILLAGE,VIC,3172,GUNNEDAH,NSW,2380,1,4,0.0125
10536,04/05/2020 10:11,AUBURN,NSW,2144,LAVERTON NORTH,VIC,3026,1,116,0.0407
10537,04/05/2020 10:13,ROWVILLE,VIC,3178,ESSENDON FIELDS,VIC,3041,8,86.4,0.216
10538,04/05/2020 10:13,TRUGANINA,VIC,3029,HAWTHORN EAST,VIC,3123,2,0.37,0.0522
10539,04/05/2020 10:13,INGLEBURN,NSW,2565,ADELAIDE,SA,5000,1,2.9,0.0091
10540,04/05/2020 10:13,CLAYTON,VIC,3168,BAIRNSDALE,VIC,3875,1,150,1.0765
10541,04/05/2020 10:14,MOUNT WAVERLY,VIC,3149,SCORESBY,VIC,3179,1,1,0.0071
10542,04/05/2020 10:14,BRAESIDE,VIC,3195,WETHERILL PARK,NSW,2164,1,1,0.0098
10543,04/05/2020 10:14,RINGWOOD,VIC,3134,HEMMANT,QLD,4174,1,2,0.001
10544,04/05/2020 10:14,GREENACRE,NSW,2190,BERESFIELD,NSW,2322,1,60,0.72
10545,04/05/2020 10:15,PORT MELBOURNE,VIC,3207,KLEMZIG,SA,5087,1,2.4,0.012
10546,04/05/2020 10:17,DERRIMUT,VIC,3026,INVERMAY,TAS,7248,5,115,0.593
10547,04/05/2020 10:18,CARRUM DOWNS,VIC,3201,ADELAIDE,SA,5000,1,12,0.0359
10548,04/05/2020 10:18,TRUGANINA,VIC,3029,DERWENT PARK,TAS,7009,2,7.07,0.0621
10549,04/05/2020 10:19,TRUGANINA,VIC,3029,KENMORE,QLD,4069,1,1.11,0.0078
10550,04/05/2020 10:19,PORT MELBOURNE,VIC,3207,KEMPS CREEK,NSW,2178,1,2.5,0.012
10551,04/05/2020 10:20,TRUGANINA,VIC,3029,FORSTER,NSW,2428,6,30.69,0.1844
10552,04/05/2020 10:21,EASTERN CREEK,NSW,2766,TAREN POINT,NSW,2229,1,35,0.64
10553,04/05/2020 10:22,TRUGANINA,VIC,3029,HARRISDALE,WA,6112,1,2.27,0.0078
10554,04/05/2020 10:24,CARLTON,NSW,2218,MOUNT LOUISA,QLD,4814,1,380,1.5451
10555,04/05/2020 10:24,TRUGANINA,VIC,3029,FRANKSTON,VIC,3199,2,8.81,0.11
10556,04/05/2020 10:25,TRUGANINA,VIC,3029,HILLSDALE,NSW,2036,1,0.45,0.0349
10557,04/05/2020 10:26,MILPERRA,NSW,2214,BRACKEN RIDGE,QLD,4017,1,3,0.0112
10558,04/05/2020 10:26,TRUGANINA,VIC,3029,MURRAY BRIDGE,SA,5253,1,8.01,0.0521
10559,04/05/2020 10:26,TRUGANINA,VIC,3029,HOXTON PARK,NSW,2171,1,0.27,0.0173
10560,04/05/2020 10:27,DANDENONG SOUTH,VIC,3175,RICHLANDS,QLD,4077,1,100,2.0534
10561,04/05/2020 10:28,LANE COVE,NSW,2066,DARLINGHURST,NSW,2010,1,2,0.0113
10562,04/05/2020 10:29,AUBURN,NSW,2144,O'CONNOR,WA,6163,1,5,0.0198
10563,04/05/2020 10:29,LANE COVE,NSW,2066,ROCKHAMPTON,QLD,4700,1,3,0.0379
10564,04/05/2020 10:29,CLAYTON,VIC,3168,STAFFORD,QLD,4053,1,370,2.8258
10565,04/05/2020 10:30,TRUGANINA,VIC,3029,PORT LINCOLN,SA,5606,3,12.56,0.1437
10566,04/05/2020 10:32,PORT MELBOURNE,VIC,3207,TRUGANINA,VIC,3029,1,2.4,0.0074
10567,04/05/2020 10:33,DANDENONG SOUTH,VIC,3175,SPRINGVALE,VIC,3171,1,3,0.0012
10568,04/05/2020 10:34,TRUGANINA,VIC,3029,BENDIGO,VIC,3550,1,2.12,0.0308
10569,04/05/2020 10:34,AUBURN,NSW,2144,MACKAY,QLD,4740,1,345,0.6
10570,04/05/2020 10:36,DANDENONG SOUTH,VIC,3175,ACACIA RIDGE,QLD,4110,1,25,0.008
10571,04/05/2020 10:36,BRENDALE,QLD,4500,Fernvale,NSW,2484,2,21,0.133
10572,04/05/2020 10:41,TRUGANINA,VIC,3029,WAKERLEY,QLD,4154,1,0.4,0.1324
10573,04/05/2020 10:41,TRUGANINA,VIC,3029,UNDERWOOD,QLD,4119,2,33.2,0.3152
10574,04/05/2020 10:42,MOUNT WAVERLY,VIC,3149,ADELAIDE,SA,5000,1,5,0.0191
10575,04/05/2020 10:42,SMITHFIELD,NSW,2164,MAIDSTONE,VIC,3012,1,519,1.728
10576,04/05/2020 10:42,TRUGANINA,VIC,3029,TAMWORTH,NSW,2340,1,3,0.0428
10577,04/05/2020 10:42,TRUGANINA,VIC,3029,WAURN PONDS,VIC,3216,1,143.64,1.68
10578,04/05/2020 10:43,LANE COVE,NSW,2066,NOWRA,NSW,2541,1,4,0.028
10579,04/05/2020 10:43,DERRIMUT,VIC,3026,Worongary,QLD,4213,1,180,0.816
10580,04/05/2020 10:45,TRUGANINA,VIC,3029,OLD REYNELLA,SA,5161,1,9.98,0.0837
10581,04/05/2020 10:46,PORT MELBOURNE,VIC,3207,GREYSTANES,NSW,2145,1,1.95,0.0074
10582,04/05/2020 10:46,TRUGANINA,VIC,3029,KINGSCOTE,SA,5223,1,1.11,0.0078
10583,04/05/2020 10:46,PORT MELBOURNE,VIC,3207,YARRAVILLE,VIC,3013,1,1,0.0074
10584,04/05/2020 10:49,LANE COVE,NSW,2066,BUNDABERG,QLD,4670,1,5,0.0039
10585,04/05/2020 10:49,TRUGANINA,VIC,3029,INNALOO,WA,6018,1,15.49,0.0308
10586,04/05/2020 10:49,TRUGANINA,VIC,3029,TRARALGON,VIC,3844,2,33,0.2273
10587,04/05/2020 10:51,PORT MELBOURNE,VIC,3207,PAGET,QLD,4740,2,16.5,0.0445
10588,04/05/2020 10:51,DANDENONG,VIC,3175,BIBRA LAKE,WA,6163,1,577,0.8395
10589,04/05/2020 10:53,CAMPBELLFIELD,VIC,3061,CARDIFF,NSW,2285,3,66,0.1488
10590,04/05/2020 10:54,ATHOL PARK,SA,5012,STUART PARK,NT,820,1,220,1.728
10591,04/05/2020 10:54,MANSFIELD,QLD,4122,TOOWOOMBA,QLD,4350,1,1,0.0018
10592,04/05/2020 10:54,TRUGANINA,VIC,3029,MODBURY,SA,5092,1,50.78,0.96
10593,04/05/2020 10:56,TRUGANINA,VIC,3029,MIDLAND,WA,6056,1,1.29,0.0173
10594,04/05/2020 10:56,BRAESIDE,VIC,3195,OSBORNE PARK,WA,6017,1,1,0.0098
10595,04/05/2020 10:58,TRUGANINA,VIC,3029,TAYLORS LAKES,VIC,3038,1,6.15,0.0308
10596,04/05/2020 10:58,MOUNT WAVERLY,VIC,3149,NORTH GOSFORD,NSW,2250,1,1,0.0071
10597,04/05/2020 10:58,TRUGANINA,VIC,3029,TAYLORS LAKES,VIC,3038,1,1.45,0.0199
10598,04/05/2020 10:59,MOUNT WAVERLY,VIC,3149,ELIZABETH VALE,SA,5112,2,17,0.0522
10599,04/05/2020 11:01,AUBURN,NSW,2144,KANGAROO FLAT,VIC,3555,3,66,0.0767
10600,04/05/2020 11:02,TRUGANINA,VIC,3029,MENINGIE,SA,5264,1,1.11,0.0078
10601,04/05/2020 11:02,CAMPBELLFIELD,VIC,3061,EAGLE FARM,QLD,4009,1,303,0.9315
10602,04/05/2020 11:03,INGLEBURN,NSW,2565,MACQUARIE PARK,NSW,2113,1,1,0.0013
10603,04/05/2020 11:06,TRUGANINA,VIC,3029,ALBURY,NSW,2640,1,0.21,0.0147
10604,04/05/2020 11:07,HAZELMERE,WA,6055,CANNINGTON,WA,6107,1,82.31,0.0308
10605,04/05/2020 11:07,AUBURN,NSW,2144,NORTH IPSWICH,QLD,4305,1,21,0.0369
10606,04/05/2020 11:10,PORT MELBOURNE,VIC,3207,ABERGLASSLYN,NSW,2320,1,1,0.0074
10607,04/05/2020 11:11,MOUNT WAVERLY,VIC,3149,KARRATHA,WA,6714,1,4,0.0168
10608,04/05/2020 11:13,PORT MELBOURNE,VIC,3207,BUNDAMBA,QLD,4304,1,210,1.047
10609,04/05/2020 11:13,BRAESIDE,VIC,3195,SOUTHPORT,QLD,4215,1,3,0.0131
10610,04/05/2020 11:13,DANDENONG SOUTH,VIC,3175,DANDENONG SOUTH,VIC,3175,1,1,0
10612,04/05/2020 11:14,CLAYTON,VIC,3168,OXENFORD,QLD,4210,1,185,2.4894
10613,04/05/2020 11:16,TRUGANINA,VIC,3029,KILSYTH SOUTH,VIC,3137,5,25.05,0.3377
10614,04/05/2020 11:16,KEYSBOROUGH,VIC,3173,DANDENONG SOUTH,VIC,3175,1,3890,1.728
10615,04/05/2020 11:16,AUBURN,NSW,2144,CLOVELLY PARK,SA,5042,1,119,0.2052
10616,04/05/2020 11:17,MARYBOROUGH,QLD,4650,PARKINSON,QLD,4115,1,15,0.1
10617,04/05/2020 11:17,LANE COVE,NSW,2066,IPSWICH,QLD,4305,1,2,0.0113
10618,04/05/2020 11:18,LANE COVE,NSW,2066,ROCKHAMPTON,QLD,4700,2,23,0.0632
10619,04/05/2020 11:19,PORT MELBOURNE,VIC,3207,PAKENHAM,VIC,3810,1,1,0.0074
10620,04/05/2020 11:19,TRUGANINA,VIC,3029,KEPERRA,QLD,4054,2,14,0.1354
10621,04/05/2020 11:20,WELLAND,SA,5007,COFFS HARBOUR,NSW,2450,2,40,0.096
10622,04/05/2020 11:20,LANE COVE,NSW,2066,GLADSTONE,QLD,4680,1,10,0.0702
10623,04/05/2020 11:21,TRUGANINA,VIC,3029,WALLINGTON,VIC,3222,3,9.55,0.0681
10624,04/05/2020 11:22,PORT MELBOURNE,VIC,3207,DERNANCOURT,SA,5075,1,1,0.0137
10625,04/05/2020 11:24,MANSFIELD,QLD,4122,UNDERWOOD,QLD,4119,1,1,0.0027
10626,04/05/2020 11:27,LANE COVE,NSW,2066,HERSTON,QLD,4006,2,3,0.0277
10627,04/05/2020 11:29,MOUNT WAVERLY,VIC,3149,NOARLUNGA CENTRE,SA,5168,1,3,0.0168
10628,04/05/2020 11:29,TRUGANINA,VIC,3029,ORMEAU HILLS,QLD,4208,1,0.06,0.0034
10629,04/05/2020 11:29,PORT MELBOURNE,VIC,3207,KANIMBLA,NSW,2790,1,1,0.0137
10630,04/05/2020 11:30,MOUNT WAVERLY,VIC,3149,CAMPERDOWN,NSW,2050,5,51,0.2084
10631,04/05/2020 11:31,INGLEBURN,NSW,2565,CAPALABA,QLD,4157,1,1,0.0034
10632,04/05/2020 11:32,LANE COVE,NSW,2066,MURARRIE,QLD,4172,1,10,0.04
10633,04/05/2020 11:33,MANSFIELD,QLD,4122,STAFFORD,QLD,4053,1,1,0.0026
10634,04/05/2020 11:34,BRAESIDE,VIC,3195,HENDRA,QLD,4011,1,10,0.0246
10635,04/05/2020 11:34,LANE COVE,NSW,2066,WINNELLIE,NT,820,1,160,0.4894
10636,04/05/2020 11:36,BAYSWATER,VIC,3153,MOUNT WAVERLY,VIC,3149,2,8.3,0.0868
10637,04/05/2020 11:37,PORT MELBOURNE,VIC,3207,MELVILLE,WA,6156,1,1,0.0074
10638,04/05/2020 11:37,MOUNT WAVERLY,VIC,3149,PARKVILLE,VIC,3052,1,1,0.0071
10639,04/05/2020 11:38,DERRIMUT,VIC,3026,Penrith,NSW,2750,6,138,0.7116
10640,04/05/2020 11:39,TRUGANINA,VIC,3029,MITCHAM,VIC,3132,1,0.06,0.0034
10641,04/05/2020 11:39,MOUNT WAVERLY,VIC,3149,STIRLING,WA,6021,1,3,0.0094
10642,04/05/2020 11:39,TRUGANINA,VIC,3029,MARLESTON,SA,5033,2,6.66,0.0892
10643,04/05/2020 11:42,CLAYTON,VIC,3168,BAYSWATER NORTH,VIC,3153,1,60,1.8166
10644,04/05/2020 11:43,BRAESIDE,VIC,3195,RICHMOND,VIC,3121,1,4,0.0178
10645,04/05/2020 11:43,TRUGANINA,VIC,3029,INNISFAIL,QLD,4860,1,110,0.96
10646,04/05/2020 11:43,TRUGANINA,VIC,3029,FYSHWICK,ACT,2609,1,16.6,0.1576
10647,04/05/2020 11:43,TRUGANINA,VIC,3029,SARINA,QLD,4737,2,7.91,0.0829
10648,04/05/2020 11:44,LANE COVE,NSW,2066,WEMBLEY,WA,6014,1,1,0.0039
10649,04/05/2020 11:44,DANDENONG SOUTH,VIC,3175,SYDNEY,NSW,2000,1,3,0.0012
10650,04/05/2020 11:45,MOUNT WAVERLY,VIC,3149,ELIZABETH VALE,SA,5112,1,6,0.0324
10651,04/05/2020 11:45,MOUNT WAVERLY,VIC,3149,FRANKSTON,VIC,3199,1,2,0.0168
10652,04/05/2020 11:45,LANE COVE,NSW,2066,MOUNT WAVERLY,VIC,3149,1,1,0.0039
10653,04/05/2020 11:46,LANE COVE,NSW,2066,HYDE PARK,QLD,4812,1,21,0.0379
10654,04/05/2020 11:46,TRUGANINA,VIC,3029,MOUNT GRAVATT,QLD,4122,1,7,0.0697
10655,04/05/2020 11:48,TRUGANINA,VIC,3029,DEVONPORT,TAS,7310,1,9.8,0.0835
10656,04/05/2020 11:48,AUBURN,NSW,2144,KLEMZIG,SA,5087,1,10,0.021
10657,04/05/2020 11:50,DERRIMUT,VIC,3026,MINDEN,QLD,4311,1,23,0.1186
10658,04/05/2020 11:50,DANDENONG SOUTH,VIC,3175,ST KILDA,VIC,3182,1,5,0.008
10659,04/05/2020 11:50,MOUNT WAVERLY,VIC,3149,WAURN PONDS,VIC,3216,1,1,0.0071
10660,04/05/2020 11:50,PORT MELBOURNE,VIC,3207,KILSYTH SOUTH,VIC,3137,1,2,0.0137
10661,04/05/2020 11:51,SMEATON GRANGE,NSW,2567,LAMBTON,NSW,2299,1,215,0.432
10662,04/05/2020 11:53,GREENACRE,NSW,2190,COFFS HARBOUR,NSW,2450,1,60,0.3936
10663,04/05/2020 11:53,TRUGANINA,VIC,3029,CORLETTE,NSW,2315,1,0.92,0.1204
10664,04/05/2020 11:54,DERRIMUT,VIC,3026,TRARALGON,VIC,3844,7,4505,18.4824
10665,04/05/2020 11:55,PORT MELBOURNE,VIC,3207,UNDERDALE,SA,5032,1,150,0.8213
10666,04/05/2020 11:55,TRUGANINA,VIC,3029,WENTWORTH POINT,NSW,2127,2,0.27,0.016
10667,04/05/2020 11:56,DANDENONG SOUTH,VIC,3175,HAMPTON,VIC,3188,1,5,0.008
10668,04/05/2020 11:57,TRUGANINA,VIC,3029,INDOOROOPILLY,QLD,4068,1,16,0.1457
10669,04/05/2020 11:57,PORT MELBOURNE,VIC,3207,UNDERWOOD,QLD,4119,1,2,0.0203
10670,04/05/2020 11:57,MILPERRA,NSW,2214,CANNING VALE,WA,6155,6,24,0.258
10671,04/05/2020 11:58,ARNDELL PARK,NSW,2148,YASS,NSW,2582,6,96.7,0.0886
10672,04/05/2020 11:58,CAMPBELLFIELD,VIC,3061,KILBURN,SA,5084,1,434,1.211
10673,04/05/2020 11:58,TRUGANINA,VIC,3029,GEPPS CROSS,SA,5094,1,9.8,0.0835
10674,04/05/2020 12:00,BAYSWATER,VIC,3153,CHIPPING NORTON,NSW,2170,1,2.9,0.0419
10675,04/05/2020 12:01,TRUGANINA,VIC,3029,WALLSEND,NSW,2287,4,17.46,0.1712
10676,04/05/2020 12:04,BRAESIDE,VIC,3195,OAKLEIGH,VIC,3166,5,44,0.2745
10677,04/05/2020 12:04,TRUGANINA,VIC,3029,MORAYFIELD,QLD,4506,1,6.15,0.0308
10678,04/05/2020 12:04,TRUGANINA,VIC,3029,HARRINGTON PARK,NSW,2567,1,1.42,0.0308
10679,04/05/2020 12:07,TRUGANINA,VIC,3029,BROOME,WA,6725,1,0.05,0.0034
10680,04/05/2020 12:07,BRAESIDE,VIC,3195,FAIRFIELD,VIC,3078,8,97,0.4065
10681,04/05/2020 12:07,HAZELMERE,WA,6055,HILLARYS,WA,6025,1,0.13,0.0308
10682,04/05/2020 12:08,DANDENONG SOUTH,VIC,3175,COOBER PEDY,SA,5723,1,3,0.0012
10683,04/05/2020 12:09,MOUNT WAVERLY,VIC,3149,HERSTON,QLD,4006,1,4,0.0543
10684,04/05/2020 12:10,TRUGANINA,VIC,3029,GOULBURN,NSW,2580,3,10.76,0.1374
10685,04/05/2020 12:11,DERRIMUT,VIC,3026,WETHERILL PARK,NSW,2164,1,139,0.5525
10686,04/05/2020 12:11,DANDENONG SOUTH,VIC,3175,HALLAM,VIC,3803,1,5,0.001
10687,04/05/2020 12:11,TRUGANINA,VIC,3029,VIRGINIA,QLD,4014,1,7.16,0.0521
10688,04/05/2020 12:13,PORT MELBOURNE,VIC,3207,MOLENDINAR,QLD,4214,1,1,0.0074
10689,04/05/2020 12:13,MOUNT WAVERLY,VIC,3149,FRANKSTON,VIC,3199,2,16,0.1082
10690,04/05/2020 12:14,MOUNT WAVERLY,VIC,3149,HOBART,TAS,7000,1,1,0.0071
10691,04/05/2020 12:15,CARRUM DOWNS,VIC,3201,DEVONPORT,TAS,7310,1,3,0.009
10692,04/05/2020 12:15,PORT MELBOURNE,VIC,3207,COBBITTY,NSW,2570,1,1,0.0074
10693,04/05/2020 12:15,PORT MELBOURNE,VIC,3207,OSBORNE PARK,WA,6017,1,100,0.8213
10694,04/05/2020 12:16,TRUGANINA,VIC,3029,BUNDALL,QLD,4217,3,12.22,0.0214
10695,04/05/2020 12:16,TRUGANINA,VIC,3029,HILLSIDE,VIC,3037,1,0.68,0.1324
10696,04/05/2020 12:17,CLAYTON,VIC,3168,TINGALPA,QLD,4173,4,104,0.4316
10697,04/05/2020 12:18,DERRIMUT,VIC,3026,BERRY,NSW,2535,3,64,0.2531
10698,04/05/2020 12:19,REGENTS PARK,NSW,2143,COOPERS PLAINS,QLD,4108,2,880,2.952
10699,04/05/2020 12:23,INGLEBURN,NSW,2565,NORWOOD,SA,5067,1,1,0.0034
10700,04/05/2020 12:23,PORT MELBOURNE,VIC,3207,AUBURN,NSW,2144,1,3,0.0203
10701,04/05/2020 12:27,MOUNT WAVERLY,VIC,3149,LIVERPOOL,NSW,2170,1,4,0.0238
10702,04/05/2020 12:27,CLAYTON,VIC,3168,CLONTARF,NSW,2093,1,35,0.5929
10703,04/05/2020 12:27,TRUGANINA,VIC,3029,VILLAWOOD,NSW,2163,7,21.16,0.3142
10704,04/05/2020 12:28,REGENTS PARK,NSW,2143,CAMPBELLFIELD,VIC,3061,1,480,2.304
10705,04/05/2020 12:28,TRUGANINA,VIC,3029,ARNCLIFFE,NSW,2205,1,0.52,0.0173
10706,04/05/2020 12:28,PORT MELBOURNE,VIC,3207,DANDENONG,VIC,3175,1,250,1.3689
10707,04/05/2020 12:29,TRUGANINA,VIC,3029,MELTON WEST,VIC,3337,1,60.6,0.48
10708,04/05/2020 12:30,MILPERRA,NSW,2214,NEWSTEAD,TAS,7250,1,1,0.0025
10709,04/05/2020 12:32,DANDENONG SOUTH,VIC,3175,DANDENONG SOUTH,VIC,3175,1,2,0.008
10710,04/05/2020 12:34,TRUGANINA,VIC,3029,BROOKVALE,NSW,2100,1,108,0.814
10711,04/05/2020 12:35,TRUGANINA,VIC,3029,LAWNTON,QLD,4501,1,252.18,1.2
10712,04/05/2020 12:35,DANDENONG SOUTH,VIC,3175,HORNSBY,NSW,2077,1,3,0.0012
10713,04/05/2020 12:35,PORT MELBOURNE,VIC,3207,TWEED HEADS SOUTH,NSW,2486,1,1.1,0.0074
10714,04/05/2020 12:36,MURARRIE,QLD,4172,PIALBA,QLD,4655,1,75,0.7795
10715,04/05/2020 12:38,TRUGANINA,VIC,3029,MERRIWA,NSW,2329,3,27.51,0.1563
10716,04/05/2020 12:38,TRUGANINA,VIC,3029,MELTON WEST,VIC,3337,2,16.04,0.0616
10717,04/05/2020 12:38,PORT MELBOURNE,VIC,3207,PRESTON,VIC,3072,1,150,0.8213
10718,04/05/2020 12:39,TRUGANINA,VIC,3029,BORDERTOWN,SA,5268,1,2.12,0.0308
10719,04/05/2020 12:39,INGLEBURN,NSW,2565,SYDNEY,NSW,2000,1,1,0.0034
10720,04/05/2020 12:40,AUBURN,NSW,2144,TERALBA,NSW,2284,1,4,0.0106
10721,04/05/2020 12:40,LANE COVE,NSW,2066,ROCKHAMPTON,QLD,4700,1,4,0.0259
10722,04/05/2020 12:40,TRUGANINA,VIC,3029,HUONVILLE,TAS,7109,1,1.42,0.0308
10723,04/05/2020 12:41,DANDENONG,VIC,3175,SMITHFIELD,NSW,2164,1,711,1.26
10724,04/05/2020 12:42,AUBURN,NSW,2144,GUNNEDAH,NSW,2380,1,23,0.0363
10725,04/05/2020 12:43,GREENACRE,NSW,2190,BURLEIGH HEADS,QLD,4220,1,260,1.0659
10726,04/05/2020 12:43,DANDENONG SOUTH,VIC,3175,SYDNEY,NSW,2000,1,25,0.008
10727,04/05/2020 12:45,TRUGANINA,VIC,3029,ACACIA RIDGE,QLD,4110,1,63.69,1.44
10728,04/05/2020 12:45,MOUNT WAVERLY,VIC,3149,MALVERN,VIC,3144,1,15,0.0441
10729,04/05/2020 12:45,CLAYTON,VIC,3168,ACACIA RIDGE,QLD,4110,1,150,1.0765
10730,04/05/2020 12:46,TRUGANINA,VIC,3029,ARARAT,VIC,3377,1,3.13,0.0308
10731,04/05/2020 12:46,EASTERN CREEK,NSW,2766,WOLLONGONG,NSW,2500,1,12,0.0611
10732,04/05/2020 12:47,ARNDELL PARK,NSW,2148,DUNGOG,NSW,2420,1,146.5,0.4598
10733,04/05/2020 12:47,CLAYTON,VIC,3168,CARSELDINE,QLD,4034,2,395,3.2967
10734,04/05/2020 12:48,TRUGANINA,VIC,3029,BANKSTOWN AERODROME,NSW,2200,2,250,4.248
10735,04/05/2020 12:49,TRUGANINA,VIC,3029,ROMA,QLD,4455,2,14.32,0.1042
10736,04/05/2020 12:49,TRUGANINA,VIC,3029,MALAGA,WA,6090,1,2.74,0.0308
10737,04/05/2020 12:49,TRUGANINA,VIC,3029,NORMAN GARDENS,QLD,4701,1,0.18,0.0349
10738,04/05/2020 12:50,BRAESIDE,VIC,3195,GLADSTONE,QLD,4680,1,3,0.0131
10739,04/05/2020 12:51,DANDENONG SOUTH,VIC,3175,BERWICK,VIC,3806,1,5,0.001
10740,04/05/2020 12:52,TRUGANINA,VIC,3029,BROOKLYN,VIC,3012,4,25.15,0.2602
10741,04/05/2020 12:52,HAZELMERE,WA,6055,BELMONT,WA,6104,1,9.8,0.0835
10742,04/05/2020 12:52,REGENTS PARK,NSW,2143,WANGARA,WA,6065,3,1290,4.176
10743,04/05/2020 12:53,DANDENONG SOUTH,VIC,3175,CHELSEA,VIC,3196,22,176,1.408
10744,04/05/2020 12:53,TRUGANINA,VIC,3029,SOUTH GEELONG,VIC,3220,9,26.4,0.2554
10745,04/05/2020 12:54,KEYSBOROUGH,VIC,3173,ALBION,QLD,4010,2,8,0.0274
10746,04/05/2020 12:54,TRUGANINA,VIC,3029,WARRAWONG,NSW,2502,2,8.13,0.0136
10747,04/05/2020 12:54,BAYSWATER,VIC,3153,CAIRNS,QLD,4870,1,5,0.02
10748,04/05/2020 12:54,PERTH AIRPORT,WA,6105,DANDENONG SOUTH,VIC,3175,1,3,0
10749,04/05/2020 12:56,DANDENONG SOUTH,VIC,3175,SPRINGVALE,VIC,3171,1,5,0.001
10750,04/05/2020 12:56,TRUGANINA,VIC,3029,SOUTHBANK,VIC,3006,2,38.91,0.214
10751,04/05/2020 12:56,TRUGANINA,VIC,3029,INDOOROOPILLY,QLD,4068,1,0.06,0.0034
10752,04/05/2020 13:02,MOUNT WAVERLY,VIC,3149,ST ALBANS,VIC,3021,1,1,0.0071
10753,04/05/2020 13:02,BRAESIDE,VIC,3195,ACACIA RIDGE,QLD,4110,1,13,0.0222
10754,04/05/2020 13:02,TRUGANINA,VIC,3029,HIGH WYCOMBE,WA,6057,1,0.12,0.0173
10755,04/05/2020 13:03,MOUNT WAVERLY,VIC,3149,NEDLANDS,WA,6009,1,1,0.0071
10756,04/05/2020 13:03,MANSFIELD,QLD,4122,ROCKHAMPTON,QLD,4700,1,3,0.0123
10757,04/05/2020 13:03,BAYSWATER,VIC,3153,FITZROY NORTH,VIC,3068,1,1,0.0066
10758,04/05/2020 13:04,LANE COVE,NSW,2066,MILE END,SA,5031,1,2,0.0113
10759,04/05/2020 13:04,LANE COVE,NSW,2066,TULLAMARINE,VIC,3043,1,1,0.0113
10760,04/05/2020 13:05,MOUNT WAVERLY,VIC,3149,HENLEY BEACH,SA,5022,1,2,0.0092
10761,04/05/2020 13:05,TRUGANINA,VIC,3029,KEARNEYS SPRING,QLD,4350,2,12.12,0.0136
10762,04/05/2020 13:06,PORT MELBOURNE,VIC,3207,OAKLEIGH,VIC,3166,1,3,0.0203
10763,04/05/2020 13:09,LANE COVE,NSW,2066,NORTH LAKES,QLD,4509,1,8,0.0702
10764,04/05/2020 13:09,TRUGANINA,VIC,3029,NORMAN GARDENS,QLD,4701,1,1.85,0.0147
10765,04/05/2020 13:13,KEYSBOROUGH,VIC,3173,MARLESTON,SA,5033,2,11,0.0573
10766,04/05/2020 13:14,PORT MELBOURNE,VIC,3207,SINGLETON,NSW,2330,1,1.65,0.0074
10767,04/05/2020 13:14,TRUGANINA,VIC,3029,O'CONNOR,WA,6163,1,66.19,0.96
10768,04/05/2020 13:15,TRUGANINA,VIC,3029,MOORABBIN,VIC,3189,2,238,2.316
10769,04/05/2020 13:16,PORT MELBOURNE,VIC,3207,WERRIBEE,VIC,3030,1,3,0.0521
10770,04/05/2020 13:16,DANDENONG SOUTH,VIC,3175,DANDENONG NORTH,VIC,3175,1,5,0.001
10771,04/05/2020 13:16,HAZELMERE,WA,6055,JOONDALUP,WA,6027,1,2.55,0.0308
10772,04/05/2020 13:17,LANE COVE,NSW,2066,DUTTON PARK,QLD,4102,1,2,0.0113
10773,04/05/2020 13:18,COOPERS PLAINS,QLD,4108,ROCKHAMPTON,QLD,4700,1,2,0.0292
10774,04/05/2020 13:18,LANE COVE,NSW,2066,HEIDELBERG WEST,VIC,3081,1,1,0.0113
10775,04/05/2020 13:18,TRUGANINA,VIC,3029,HAMILTON,VIC,3300,1,8.02,0.0308
10776,04/05/2020 13:19,KEYSBOROUGH,VIC,3173,CONCORD,NSW,2137,1,5,0.0092
10777,04/05/2020 13:19,INGLEBURN,NSW,2565,WANGARA,WA,6065,1,3,0.0034
10778,04/05/2020 13:21,LANE COVE,NSW,2066,SPRING HILL,QLD,4000,2,20,0.0932
10779,04/05/2020 13:21,MOUNT WAVERLY,VIC,3149,ADELAIDE,SA,5000,2,15,0.084
10780,04/05/2020 13:21,TRUGANINA,VIC,3029,OURIMBAH,NSW,2258,1,9.17,0.0521
10781,04/05/2020 13:22,CARRUM DOWNS,VIC,3201,WELSHPOOL,WA,6106,1,3,0.009
10782,04/05/2020 13:22,BAYSWATER,VIC,3153,DUBBO,NSW,2830,1,6.3,0.0707
10783,04/05/2020 13:23,TRUGANINA,VIC,3029,ST ALBANS PARK,VIC,3219,1,0.05,0.0034
10784,04/05/2020 13:23,TRUGANINA,VIC,3029,COWRA,NSW,2794,5,31.35,0.211
10785,04/05/2020 13:23,DANDENONG SOUTH,VIC,3175,SOUTH MELBOURNE,VIC,3205,1,1,0
10786,04/05/2020 13:24,CLAYTON,VIC,3168,KENT TOWN,SA,5067,1,195,2.0857
10787,04/05/2020 13:26,DANDENONG SOUTH,VIC,3175,UMINA BEACH,NSW,2257,1,3,0.0012
10788,04/05/2020 13:26,TRUGANINA,VIC,3029,GLENORCHY,TAS,7010,1,6.15,0.0308
10789,04/05/2020 13:29,MOUNT WAVERLY,VIC,3149,BIRTINYA,QLD,4575,1,1,0.0055
10790,04/05/2020 13:30,CAMPBELLFIELD,VIC,3061,ROZELLE,NSW,2039,1,129,0.3564
10791,04/05/2020 13:30,TRUGANINA,VIC,3029,INNISFAIL,QLD,4860,1,10.48,0.1108
10792,04/05/2020 13:32,PORT MELBOURNE,VIC,3207,ACACIA RIDGE,QLD,4110,4,42,0.23
10793,04/05/2020 13:33,MOUNT WAVERLY,VIC,3149,FOOTSCRAY,VIC,3011,1,4,0.0229
10794,04/05/2020 13:35,DERRIMUT,VIC,3026,WODONGA,VIC,3690,1,23,0.1186
10795,04/05/2020 13:35,TRUGANINA,VIC,3029,OXLEY,QLD,4075,1,6.6,0.1517
10796,04/05/2020 13:36,ARNDELL PARK,NSW,2148,MENDOORAN,NSW,2842,2,40.4,0.0364
10797,04/05/2020 13:36,TRUGANINA,VIC,3029,HINCHINBROOK,NSW,2168,1,2.3,0.0422
10798,04/05/2020 13:37,TRUGANINA,VIC,3029,WARRAGUL,VIC,3820,1,6.15,0.0308
10799,04/05/2020 13:37,PORT MELBOURNE,VIC,3207,SALE,VIC,3850,1,1.4,0.0074
10800,04/05/2020 13:39,CAMPBELLFIELD,VIC,3061,GARBUTT,QLD,4814,1,208,0.6727
10801,04/05/2020 13:40,TRUGANINA,VIC,3029,LOWER CREEK,NSW,2440,1,0.13,0.0078
10802,04/05/2020 13:41,TRUGANINA,VIC,3029,ORBOST,VIC,3888,1,4.14,0.0308
10803,04/05/2020 13:41,TRUGANINA,VIC,3029,GRIFFITH,NSW,2680,2,29.06,0.0616
10804,04/05/2020 13:42,PORT MELBOURNE,VIC,3207,MOOREBANK,NSW,2170,1,30,0.144
10805,04/05/2020 13:42,AUBURN,NSW,2144,GOULBURN,NSW,2580,1,1,0.0039
10806,04/05/2020 13:42,MOUNT WAVERLY,VIC,3149,BUDERIM,QLD,4556,1,3,0.0128
10807,04/05/2020 13:43,PORT MELBOURNE,VIC,3207,CHESTER HILL,NSW,2162,1,1,0.0137
10808,04/05/2020 13:45,MOUNT WAVERLY,VIC,3149,COOLOONGUP,WA,6168,2,12,0.0384
10809,04/05/2020 13:46,TRUGANINA,VIC,3029,MANDURAH,WA,6210,1,0.02,0.0034
10810,04/05/2020 13:47,LANE COVE,NSW,2066,SPRING HILL,QLD,4000,2,35,0.0732
10811,04/05/2020 13:47,TRUGANINA,VIC,3029,TOOWOOMBA,QLD,4350,2,10.49,0.1142
10812,04/05/2020 13:47,CLAYTON,VIC,3168,NOARLUNGA CENTRE,SA,5168,1,160,1.0765
10813,04/05/2020 13:48,PORT MELBOURNE,VIC,3207,TWEED HEADS SOUTH,NSW,2486,2,19.2,0.0581
10814,04/05/2020 13:48,MOUNT WAVERLY,VIC,3149,MAYFIELD WEST,NSW,2304,2,14,0.0312
10815,04/05/2020 13:49,CLAYTON,VIC,3168,SHEPPARTON,VIC,3630,1,150,1.0765
10816,04/05/2020 13:50,LANE COVE,NSW,2066,INNISFAIL,QLD,4860,1,2,0.0039
10817,04/05/2020 13:53,AUBURN,NSW,2144,ALBION PARK RAIL,NSW,2527,1,6,0.0102
10818,04/05/2020 13:53,MOUNT WAVERLY,VIC,3149,WARATAH,NSW,2298,1,1,0.0071
10819,04/05/2020 13:53,ARNDELL PARK,NSW,2148,WARNERS BAY,NSW,2282,4,57.7,0.0516
10820,04/05/2020 13:53,KEYSBOROUGH,VIC,3173,CAIRNS,QLD,4870,5,58,0.2134
10821,04/05/2020 13:53,HAZELMERE,WA,6055,MALAGA,WA,6090,1,15.33,0.0308
10822,04/05/2020 13:54,PORT MELBOURNE,VIC,3207,RICHLANDS,QLD,4077,1,3,0.0203
10823,04/05/2020 13:56,PORT MELBOURNE,VIC,3207,BELLINGEN,NSW,2454,1,5.8,0.018
10824,04/05/2020 13:57,EASTERN CREEK,NSW,2766,LIDCOMBE,NSW,2141,1,35,0.8892
10825,04/05/2020 13:59,TRUGANINA,VIC,3029,FRANKSTON,VIC,3199,1,1.11,0.0078
10826,04/05/2020 13:59,SEFTON PARK,SA,5083,WHYALLA,SA,5600,1,5,0.064
10827,04/05/2020 14:00,DANDENONG SOUTH,VIC,3175,SYDNEY,NSW,2000,1,3,0.0012
10828,04/05/2020 14:03,DANDENONG SOUTH,VIC,3175,CHELSEA HEIGHTS,VIC,3196,1,5,0.008
10829,04/05/2020 14:03,GREENACRE,NSW,2190,PIALLIGO,ACT,2609,1,4,0.0083
10830,04/05/2020 14:04,HAZELMERE,WA,6055,WONTHELLA,WA,6530,1,41.48,0.0308
10831,04/05/2020 14:04,REGENTS PARK,NSW,2143,COOPERS PLAINS,QLD,4108,3,48,0.144
10832,04/05/2020 14:04,TRUGANINA,VIC,3029,CANNON HILL,QLD,4170,2,14,0.1384
10833,04/05/2020 14:05,TRUGANINA,VIC,3029,KEYSBOROUGH,VIC,3173,1,0.05,0.0034
10834,04/05/2020 14:06,BRAESIDE,VIC,3195,SOUTH KEMPSEY,NSW,2440,1,3,0.0131
10835,04/05/2020 14:07,MOUNT WAVERLY,VIC,3149,SOUTHPORT,QLD,4215,1,9,0.0774
10836,04/05/2020 14:08,TRUGANINA,VIC,3029,RAVENHALL,VIC,3023,1,0.65,0.0078
10837,04/05/2020 14:08,DANDENONG SOUTH,VIC,3175,DANDENONG SOUTH,VIC,3175,4,5,0.023
10838,04/05/2020 14:09,MOUNT WAVERLY,VIC,3149,WARRNAMBOOL,VIC,3280,1,1,0.0071
10839,04/05/2020 14:09,TRUGANINA,VIC,3029,MOORABBIN,VIC,3189,1,0.05,0.0034
10840,04/05/2020 14:10,KEYSBOROUGH,VIC,3173,ARNDELL PARK,NSW,2148,5,850,7.6601
10841,04/05/2020 14:12,TRUGANINA,VIC,3029,KUNDA PARK,QLD,4556,5,41.79,0.3679
10842,04/05/2020 14:12,BRAESIDE,VIC,3195,WELLAND,SA,5007,1,6,0.0222
10843,04/05/2020 14:13,MILPERRA,NSW,2214,INGLEBURN,NSW,2565,1,2,0.0059
10844,04/05/2020 14:14,TRUGANINA,VIC,3029,RHODES,NSW,2138,1,0.22,0.0349
10845,04/05/2020 14:17,TRUGANINA,VIC,3029,MURWILLUMBAH,NSW,2484,6,55.02,0.3126
10846,04/05/2020 14:17,TRUGANINA,VIC,3029,GLEN IRIS,VIC,3146,1,1.2,0.0349
10847,04/05/2020 14:17,MOUNT WAVERLY,VIC,3149,HEIDELBERG,VIC,3084,1,1,0.0071
10848,04/05/2020 14:18,HAZELMERE,WA,6055,OSBORNE PARK,WA,6017,1,1.77,0.0308
10849,04/05/2020 14:19,TRUGANINA,VIC,3029,KINGSTON,TAS,7050,1,3.96,0
10850,04/05/2020 14:20,TRUGANINA,VIC,3029,WARANA,QLD,4575,1,10.48,0.1108
10851,04/05/2020 14:22,MILPERRA,NSW,2214,SEVEN HILLS,NSW,2147,2,9,0.0714
10852,04/05/2020 14:22,AUBURN,NSW,2144,KEWDALE,WA,6105,2,36,0.0726
10853,04/05/2020 14:23,SUNSHINE NORTH,VIC,3020,AUBURN,NSW,2144,1,55,0.0083
10854,04/05/2020 14:24,TRUGANINA,VIC,3029,OLD REYNELLA,SA,5161,1,0.05,0.0034
10855,04/05/2020 14:24,PORT MELBOURNE,VIC,3207,WARRAGUL,VIC,3820,1,1.2,0.012
10856,04/05/2020 14:26,ROWVILLE,VIC,3178,HENDRA,QLD,4011,1,13,0.0274
10857,04/05/2020 14:27,PORT MELBOURNE,VIC,3207,CURRAJONG,QLD,4812,1,1,0.0137
10858,04/05/2020 14:28,TRUGANINA,VIC,3029,LAVINGTON,NSW,2641,1,0.52,0.0349
10859,04/05/2020 14:30,MANSFIELD,QLD,4122,BRISBANE,QLD,4001,1,1,0.0021
10860,04/05/2020 14:30,KEYSBOROUGH,VIC,3173,ACACIA RIDGE,QLD,4110,1,210,1.44
10861,04/05/2020 14:31,PORT MELBOURNE,VIC,3207,ALLENBY GARDENS,SA,5009,1,9.8,0.0325
10862,04/05/2020 14:32,REGENTS PARK,NSW,2143,ERSKINE PARK,NSW,2759,1,55,0.792
10863,04/05/2020 14:32,MOUNT WAVERLY,VIC,3149,NEDLANDS,WA,6009,1,2,0.0092
10864,04/05/2020 14:34,TRUGANINA,VIC,3029,HILLSDALE,NSW,2036,2,17,0.1384
10865,04/05/2020 14:35,TRUGANINA,VIC,3029,CLEVELAND,QLD,4163,1,16,0.1457
10866,04/05/2020 14:36,TRUGANINA,VIC,3029,MYAREE,WA,6154,1,63.69,1.44
10867,04/05/2020 14:36,TRUGANINA,VIC,3029,SOUTH LISMORE,NSW,2480,3,10.82,0.1753
10868,04/05/2020 14:37,TRUGANINA,VIC,3029,EAST BENDIGO,VIC,3550,1,1.11,0.0308
10869,04/05/2020 14:37,TRUGANINA,VIC,3029,KINGSGROVE,NSW,2208,6,28.65,0.1866
10870,04/05/2020 14:38,BRAESIDE,VIC,3195,WETHERILL PARK,NSW,2164,1,335,2.4734
10871,04/05/2020 14:40,TRUGANINA,VIC,3029,DEVONPORT,TAS,7310,1,33.11,0.1447
10872,04/05/2020 14:40,MOUNT WAVERLY,VIC,3149,PARRAMATTA,NSW,2150,1,1,0.0156
10873,04/05/2020 14:42,AUBURN,NSW,2144,WINNELLIE,NT,820,1,5,0.0198
10874,04/05/2020 14:44,PORT MELBOURNE,VIC,3207,NEW NORFOLK,TAS,7140,1,1,0.0137
10875,04/05/2020 14:44,TRUGANINA,VIC,3029,FRANKSTON,VIC,3199,1,119.88,1.44
10876,04/05/2020 14:45,LANE COVE,NSW,2066,BENOWA,QLD,4217,4,30,0.1732
10877,04/05/2020 14:46,TRUGANINA,VIC,3029,MCGRATHS HILL,NSW,2756,1,6.15,0.0308
10878,04/05/2020 14:47,TRUGANINA,VIC,3029,MAROOCHYDORE,QLD,4558,1,0.16,0.0082
10879,04/05/2020 14:49,LANE COVE,NSW,2066,NORTH RYDE,NSW,2113,3,10,0.0329
10880,04/05/2020 14:49,TRUGANINA,VIC,3029,YARRAWONGA,VIC,3730,2,9.96,0.0844
10881,04/05/2020 14:50,BAYSWATER,VIC,3153,MELBOURNE,VIC,3000,1,3,0.0161
10882,04/05/2020 14:51,DANDENONG SOUTH,VIC,3175,CAMPBELLFIELD,VIC,3061,1,3,0.0012
10883,04/05/2020 14:51,TRUGANINA,VIC,3029,REDBANK,QLD,4301,1,7,0.0458
10884,04/05/2020 14:51,ROWVILLE,VIC,3178,GARBUTT,QLD,4814,1,13,0.0274
10885,04/05/2020 14:53,TRUGANINA,VIC,3029,BUNGALOW,QLD,4870,1,57.7,0.96
10886,04/05/2020 14:53,DANDENONG SOUTH,VIC,3175,GREENVALE,VIC,3059,1,3,0.0012
10887,04/05/2020 14:54,LANE COVE,NSW,2066,DANDENONG SOUTH,VIC,3175,1,36,0.144
10888,04/05/2020 14:55,TRUGANINA,VIC,3029,MONKLAND,QLD,4570,1,2.12,0.0308
10889,04/05/2020 14:55,TRUGANINA,VIC,3029,BRAITLING,NT,870,4,18.54,0.1574
10890,04/05/2020 14:56,TRUGANINA,VIC,3029,RYDALMERE,NSW,2116,1,149,1.236
10891,04/05/2020 14:56,TRUGANINA,VIC,3029,EMERALD,QLD,4720,1,7,0.0448
10892,04/05/2020 14:56,DANDENONG SOUTH,VIC,3175,PERTH AIRPORT,WA,6105,1,3,0.0012
10893,04/05/2020 14:56,HAZELMERE,WA,6055,CANNING VALE,WA,6155,1,0.96,0.0308
10894,04/05/2020 14:57,TRUGANINA,VIC,3029,BUNDAMBA,QLD,4304,2,17,0.1366
10895,04/05/2020 14:57,MOUNT WAVERLY,VIC,3149,ALBANY,WA,6330,1,3,0.0238
10896,04/05/2020 14:58,DANDENONG SOUTH,VIC,3175,WOOLLOONGABBA,QLD,4102,1,3,0.0012
10897,04/05/2020 14:59,KEYSBOROUGH,VIC,3173,BRAESIDE,VIC,3195,5,1755,8.64
10898,04/05/2020 15:00,KEYSBOROUGH,VIC,3173,KEYSBOROUGH,VIC,3173,8,47,0.1913
10899,04/05/2020 15:01,LANE COVE,NSW,2066,HEIDELBERG WEST,VIC,3081,2,38,0.1518
10900,04/05/2020 15:03,TRUGANINA,VIC,3029,AVALON BEACH,NSW,2107,3,26.38,0.2853
10901,04/05/2020 15:04,TRUGANINA,VIC,3029,COONABARABRAN,NSW,2357,1,1.11,0.0078
10902,04/05/2020 15:05,TRUGANINA,VIC,3029,BUNDABERG CENTRAL,QLD,4670,6,55.02,0.3126
10903,04/05/2020 15:06,DERRIMUT,VIC,3026,Mitchell,ACT,2911,2,530,2.6112
10904,04/05/2020 15:07,BRAESIDE,VIC,3195,MAROOCHYDORE,QLD,4558,1,5,0.033
10905,04/05/2020 15:08,TRUGANINA,VIC,3029,BILOELA,QLD,4715,4,36.68,0.2084
10906,04/05/2020 15:08,INGLEBURN,NSW,2565,ROCKVILLE,QLD,4350,1,1,0.0011
10907,04/05/2020 15:08,DANDENONG SOUTH,VIC,3175,SYDNEY,NSW,2000,1,25,0.008
10908,04/05/2020 15:08,KEYSBOROUGH,VIC,3173,GLENORCHY,TAS,7010,2,14,0.0382
10909,04/05/2020 15:09,MANSFIELD,QLD,4122,HERITAGE PARK,QLD,4118,1,2,0.0039
10910,04/05/2020 15:09,DANDENONG SOUTH,VIC,3175,FORTITUDE VALLEY,QLD,4006,1,3,0.0012
10911,04/05/2020 15:10,TRUGANINA,VIC,3029,FRANKSTON,VIC,3199,1,5.15,0.0308
10912,04/05/2020 15:11,DANDENONG SOUTH,VIC,3175,SOUTHBANK,VIC,3006,1,5,0.001
10913,04/05/2020 15:12,TRUGANINA,VIC,3029,MILDURA,VIC,3500,1,0.3,0.0078
10914,04/05/2020 15:13,TRUGANINA,VIC,3029,AIRPORT WEST,VIC,3042,1,16,0.1457
10915,04/05/2020 15:14,TRUGANINA,VIC,3029,BRIGHTON,SA,5048,6,46.09,0.3029
10916,04/05/2020 15:14,DANDENONG SOUTH,VIC,3175,RICHLANDS,QLD,4077,1,80,1.0951
10917,04/05/2020 15:14,DERRIMUT,VIC,3026,WAYVILLE,SA,5034,1,120,0.48
10918,04/05/2020 15:15,TRUGANINA,VIC,3029,TRAFALGAR,VIC,3824,1,0.24,0.0349
10919,04/05/2020 15:16,TRUGANINA,VIC,3029,CLAYTON,VIC,3168,1,16,0.1457
10920,04/05/2020 15:16,BAYSWATER,VIC,3153,BUNBURY,WA,6230,1,2,0.0063
10921,04/05/2020 15:17,PORT MELBOURNE,VIC,3207,BURLEIGH HEADS,QLD,4220,1,3.95,0.0573
10922,04/05/2020 15:20,MOUNT WAVERLY,VIC,3149,HEIDELBERG,VIC,3084,1,1,0.0071
10923,04/05/2020 15:20,BRAESIDE,VIC,3195,SMEATON GRANGE,NSW,2567,3,15,0.231
10924,04/05/2020 15:20,FRENCHS FOREST,NSW,2086,CROYDON,NSW,2132,1,1,0.0034
10925,04/05/2020 15:20,PORT MELBOURNE,VIC,3207,KEMPS CREEK,NSW,2178,1,7,0.0575
10926,04/05/2020 15:20,PORT MELBOURNE,VIC,3207,UPPER COOMERA,QLD,4209,1,1.2,0.012
10927,04/05/2020 15:21,EASTERN CREEK,NSW,2766,SEFTON PARK,SA,5083,1,1,0.0032
10928,04/05/2020 15:21,TRUGANINA,VIC,3029,NEW TOWN,SA,5554,1,1.42,0.0308
10929,04/05/2020 15:21,TRUGANINA,VIC,3029,CLAYTON,VIC,3168,1,71.47,0.96
10930,04/05/2020 15:22,DANDENONG SOUTH,VIC,3175,MOOLAP,VIC,3224,1,3,0.0012
10931,04/05/2020 15:22,TRUGANINA,VIC,3029,COLLINGWOOD,VIC,3066,1,0.2,0.0349
10932,04/05/2020 15:23,LANE COVE,NSW,2066,PARKVILLE,VIC,3052,1,1,0.0039
10933,04/05/2020 15:24,TRUGANINA,VIC,3029,NORMAN GARDENS,QLD,4701,4,951.73,6.24
10934,04/05/2020 15:26,MOUNT WAVERLY,VIC,3149,WOODVILLE,SA,5011,1,2,0.0094
10935,04/05/2020 15:27,TRUGANINA,VIC,3029,BLACKWOOD,SA,5051,5,42.48,0.2777
10936,04/05/2020 15:27,TRUGANINA,VIC,3029,FOUNTAIN GATE,VIC,3805,1,3.74,0.0308
10937,04/05/2020 15:27,TRUGANINA,VIC,3029,SMITHTON,TAS,7330,1,2.12,0.0308
10938,04/05/2020 15:27,BENNETTS GREEN,NSW,2290,COBBITTY,NSW,2570,1,5000,71.76
10939,04/05/2020 15:27,MOUNT WAVERLY,VIC,3149,HEIDELBERG,VIC,3084,1,3,0.0155
10940,04/05/2020 15:28,CAMPBELLFIELD,VIC,3061,SEVEN HILLS,NSW,2147,1,1,0.0032
10941,04/05/2020 15:30,TRUGANINA,VIC,3029,HUONVILLE,TAS,7109,1,2.12,0.0308
10942,04/05/2020 15:31,SPRINGVALE,VIC,3171,STRATFORD,QLD,4870,1,25,0.136
10943,04/05/2020 15:32,TRUGANINA,VIC,3029,GLEN IRIS,WA,6230,1,0.12,0.0173
10944,04/05/2020 15:33,TRUGANINA,VIC,3029,DENMAN,NSW,2328,1,0.05,0.0034
10945,04/05/2020 15:33,TRUGANINA,VIC,3029,MORNINGTON,TAS,7018,1,82,1.296
10946,04/05/2020 15:34,BAYSWATER,VIC,3153,WINGFIELD,SA,5013,1,7.5,0.098
10947,04/05/2020 15:34,KEYSBOROUGH,VIC,3173,FITZROY,VIC,3065,2,6,0.0364
10948,04/05/2020 15:37,LANE COVE,NSW,2066,NOBLE PARK,VIC,3174,1,3,0.0145
10949,04/05/2020 15:37,TRUGANINA,VIC,3029,KEPERRA,QLD,4054,1,262.86,1.8
10950,04/05/2020 15:38,TRUGANINA,VIC,3029,TRAFALGAR,VIC,3824,1,0.01,0.0034
10951,04/05/2020 15:40,AUBURN,NSW,2144,SOUTH MELBOURNE,VIC,3205,1,1,0.0039
10952,04/05/2020 15:41,LANE COVE,NSW,2066,MELBOURNE,VIC,3000,1,2,0.0164
10953,04/05/2020 15:42,BAYSWATER,VIC,3153,CAMELLIA,NSW,2142,1,7.5,0.098
10954,04/05/2020 15:42,HAZELMERE,WA,6055,JANDAKOT,WA,6164,2,153,1.3028
10955,04/05/2020 15:43,TRUGANINA,VIC,3029,NORTH GEELONG,VIC,3215,1,2.73,0.0308
10956,04/05/2020 15:43,TRUGANINA,VIC,3029,RICHMOND,QLD,4740,1,63.69,1.44
10957,04/05/2020 15:43,DERRIMUT,VIC,3026,KINGS PARK,NSW,2148,2,620,2.64
10958,04/05/2020 15:45,TRUGANINA,VIC,3029,GAWLER SOUTH,SA,5118,2,18.34,0.1042
10959,04/05/2020 15:46,TRUGANINA,VIC,3029,PRESTON,VIC,3072,1,0.31,0.0349
10960,04/05/2020 15:46,DERRIMUT,VIC,3026,ECHUCA,VIC,3564,1,45,0.48
10961,04/05/2020 15:46,CAMPBELLFIELD,VIC,3061,IDALIA,QLD,4811,4,68,0.1036
10962,04/05/2020 15:48,TRUGANINA,VIC,3029,STAFFORD,QLD,4053,2,212,1.613
10963,04/05/2020 15:50,TRUGANINA,VIC,3029,BALLARAT,VIC,3350,1,0.68,0.1324
10964,04/05/2020 15:51,LANE COVE,NSW,2066,KINGAROY,QLD,4610,1,8,0.0702
10965,04/05/2020 15:52,TRUGANINA,VIC,3029,REGENTVILLE,NSW,2745,1,63.69,1.44
10966,04/05/2020 15:54,INGLEBURN,NSW,2565,SILVERWATER,NSW,2128,6,48,0.0792
10967,04/05/2020 15:54,BAYSWATER,VIC,3153,CRONULLA,NSW,2230,1,3,0.0634
10968,04/05/2020 15:55,CAMPBELLFIELD,VIC,3061,MANUNDA,QLD,4870,1,12,0.0259
10969,04/05/2020 15:55,TRUGANINA,VIC,3029,CANNINGTON,WA,6107,1,7,0.0458
10970,04/05/2020 15:55,MOUNT WAVERLY,VIC,3149,WERRIBEE,VIC,3030,1,1,0.0071
10971,04/05/2020 15:55,PORT MELBOURNE,VIC,3207,CLAYTON,VIC,3168,1,1.95,0.0074
10972,04/05/2020 15:57,MOUNT WAVERLY,VIC,3149,HEIDELBERG WEST,VIC,3081,1,2,0.0092
10973,04/05/2020 15:58,TRUGANINA,VIC,3029,OCEAN GROVE,VIC,3226,1,0.05,0.0034
10974,04/05/2020 15:58,CHESTER HILL,NSW,2162,CARDIFF,NSW,2285,1,315,2.88
10975,04/05/2020 15:58,TRUGANINA,VIC,3029,PORT AUGUSTA,SA,5700,1,2.12,0.0308
10976,04/05/2020 15:59,TRUGANINA,VIC,3029,ROTHWELL,QLD,4022,1,1.25,0.1324
10977,04/05/2020 15:59,HEMMANT,QLD,4174,COLLINSVILLE,QLD,4804,2,3600,7.9802
10978,04/05/2020 15:59,TRUGANINA,VIC,3029,OURIMBAH,NSW,2258,2,18.34,0.1042
10979,04/05/2020 16:01,MOUNT WAVERLY,VIC,3149,NORTH ADELAIDE,SA,5006,2,14,0.0476
10980,04/05/2020 16:02,CAMPBELLFIELD,VIC,3061,DIREK,SA,5110,1,509,1.4825
10981,04/05/2020 16:02,MOUNT WAVERLY,VIC,3149,SUBIACO,WA,6008,1,1,0.0074
10982,04/05/2020 16:02,DANDENONG SOUTH,VIC,3175,RAYMOND TERRACE,NSW,2324,1,11,0.059
10983,04/05/2020 16:02,MOUNT WAVERLY,VIC,3149,CAMPERDOWN,NSW,2050,1,1,0.0071
10984,04/05/2020 16:02,TRUGANINA,VIC,3029,NEWTOWN,NSW,2042,1,0.57,0.0199
10985,04/05/2020 16:03,LANE COVE,NSW,2066,HEIDELBERG WEST,VIC,3081,1,2,0.0113
10986,04/05/2020 16:03,TRUGANINA,VIC,3029,RICHLANDS,QLD,4077,4,46.45,0.2734
10987,04/05/2020 16:03,TRUGANINA,VIC,3029,TAYLORS LAKES,VIC,3038,1,0.55,0.0078
10988,04/05/2020 16:03,PORT MELBOURNE,VIC,3207,LARAPINTA,QLD,4110,2,14.4,0.1092
10989,04/05/2020 16:03,TRUGANINA,VIC,3029,MIDLAND,WA,6056,2,17,0.1376
10990,04/05/2020 16:05,INGLEBURN,NSW,2565,DOCKLANDS,VIC,3008,1,3,0.0034
10991,04/05/2020 16:06,HAZELMERE,WA,6055,BALDIVIS,WA,6171,1,97.03,0.0308
10992,04/05/2020 16:06,CLAYTON,VIC,3168,GULFVIEW HEIGHTS,SA,5096,1,165,0.66
10993,04/05/2020 16:06,LANE COVE,NSW,2066,MELBOURNE,VIC,3000,1,10,0.092
10994,04/05/2020 16:06,INGLEBURN,NSW,2565,SOUTH WHARF,VIC,3006,1,3,0.0034
10995,04/05/2020 16:08,BAYSWATER,VIC,3153,ROCKLEA,QLD,4106,1,40,0.2138
10996,04/05/2020 16:09,TRUGANINA,VIC,3029,INDOOROOPILLY,QLD,4068,2,10.4,0.1404
10997,04/05/2020 16:10,TRUGANINA,VIC,3029,WARRAGUL,VIC,3820,1,0.17,0.0034
10998,04/05/2020 16:12,LANE COVE,NSW,2066,HERSTON,QLD,4006,1,2,0.0113
10999,04/05/2020 16:12,MOUNT WAVERLY,VIC,3149,LIVERPOOL,NSW,2170,1,1,0.0071
11000,04/05/2020 16:13,CLAYTON,VIC,3168,KARAWARA,WA,6152,1,35,0.598
11001,04/05/2020 16:13,TRUGANINA,VIC,3029,ALTONA NORTH,VIC,3025,2,370,2.736
11002,04/05/2020 16:14,TRUGANINA,VIC,3029,JOONDALUP,WA,6027,2,14,0.1384
11003,04/05/2020 16:15,BAYSWATER,VIC,3153,CAMDEN PARK,SA,5038,4,18.8,0.1996
11004,04/05/2020 16:15,HAZELMERE,WA,6055,BUNBURY,WA,6230,1,8.9,0.0837
11005,04/05/2020 16:16,BAYSWATER,VIC,3153,BLACKTOWN,NSW,2148,2,5.8,0.0838
11006,04/05/2020 16:16,BRAESIDE,VIC,3195,MULLUMBIMBY,NSW,2482,1,3,0.0131
11007,04/05/2020 16:17,PORT MELBOURNE,VIC,3207,BELMONT,VIC,3216,1,1,0.0074
11008,04/05/2020 16:17,PRESTONS,NSW,2170,TULLAMARINE,VIC,3043,1,1,0.0017
11009,04/05/2020 16:18,DANDENONG SOUTH,VIC,3175,WANGARATTA,VIC,3677,1,3,0.0012
11010,04/05/2020 16:18,LANE COVE,NSW,2066,LIVERPOOL,NSW,2170,2,40,0.0522
11011,04/05/2020 16:18,TRUGANINA,VIC,3029,PARKES,NSW,2870,1,4.57,0.0417
11012,04/05/2020 16:18,TRUGANINA,VIC,3029,BURDELL,QLD,4818,1,0.12,0.0173
11013,04/05/2020 16:19,MILPERRA,NSW,2214,MIDDLE CAMBERWELL,VIC,3124,1,3,0.0092
11014,04/05/2020 16:20,BAYSWATER,VIC,3153,NORTHMEAD,NSW,2152,6,17.4,0.2514
11015,04/05/2020 16:20,LANE COVE,NSW,2066,MACQUARIE PARK,NSW,2113,6,95,0.2077
11016,04/05/2020 16:20,TRUGANINA,VIC,3029,ROMA,QLD,4455,1,9.17,0.0521
11017,04/05/2020 16:22,TRUGANINA,VIC,3029,KINGSTON SE,SA,5275,1,2.14,0.0308
11018,04/05/2020 16:23,DANDENONG SOUTH,VIC,3175,MOUNT ELIZA,VIC,3930,1,5,0.001
11019,04/05/2020 16:23,LANE COVE,NSW,2066,BENOWA,QLD,4217,4,54,0.1364
11020,04/05/2020 16:24,MOUNT WAVERLY,VIC,3149,NORTH ADELAIDE,SA,5006,1,2,0.0324
11021,04/05/2020 16:24,TRUGANINA,VIC,3029,SOUTH NOWRA,NSW,2541,1,1.31,0.0308
11022,04/05/2020 16:26,MOUNT WAVERLY,VIC,3149,SCORESBY,VIC,3179,1,2,0.0092
11023,04/05/2020 16:28,TRUGANINA,VIC,3029,KADINA,SA,5554,1,6.7,0.0308
11024,04/05/2020 16:28,BRAESIDE,VIC,3195,MALAGA,WA,6090,1,5,0.033
11025,04/05/2020 16:28,DERRIMUT,VIC,3026,Mildura,VIC,3500,1,23,0.1186
11026,04/05/2020 16:30,LANE COVE,NSW,2066,HERSTON,QLD,4006,1,2,0.0113
11027,04/05/2020 16:31,BRAESIDE,VIC,3195,MASCOT,NSW,2020,1,2,0.0058
11028,04/05/2020 16:32,TRUGANINA,VIC,3029,PARAFIELD GARDENS,SA,5107,1,57.05,0.96
11029,04/05/2020 16:33,LANE COVE,NSW,2066,MURARRIE,QLD,4172,2,6,0.0412
11030,04/05/2020 16:33,TRUGANINA,VIC,3029,CARLTON,NSW,2218,1,0.44,0.0349
11031,04/05/2020 16:33,DANDENONG SOUTH,VIC,3175,PARKES,NSW,2870,1,2,0.0079
11032,04/05/2020 16:34,LANE COVE,NSW,2066,PERTH AIRPORT,WA,6000,1,3,0.0113
11033,04/05/2020 16:34,DERRIMUT,VIC,3026,Colac,VIC,3250,2,578,2.3069
11034,04/05/2020 16:35,BAYSWATER,VIC,3153,HORNSBY,NSW,2077,1,245,0.7761
11035,04/05/2020 16:36,TRUGANINA,VIC,3029,SWAN HILL,VIC,3585,1,6.15,0.0308
11036,04/05/2020 16:36,SPRINGVALE,VIC,3171,CASTLEMAINE,VIC,3450,1,550,2.057
11037,04/05/2020 16:36,BAYSWATER,VIC,3153,NARRABRI,NSW,2390,1,170,1.3141
11038,04/05/2020 16:37,MOUNT WAVERLY,VIC,3149,NEDLANDS,WA,6009,1,1,0.0071
11039,04/05/2020 16:37,TRUGANINA,VIC,3029,DUBBO,NSW,2830,4,36.68,0.2084
11040,04/05/2020 16:37,TRUGANINA,VIC,3029,HAMILTON,VIC,3300,1,9.17,0.0521
11041,04/05/2020 16:38,BRAESIDE,VIC,3195,REGENCY PARK,SA,5010,1,12,0.0549
11042,04/05/2020 16:38,TRUGANINA,VIC,3029,RICHMOND,QLD,4740,1,9.98,0.0837
11043,04/05/2020 16:39,MOUNT WAVERLY,VIC,3149,JOONDALUP,WA,6027,2,20,0.066
11044,04/05/2020 16:39,TRUGANINA,VIC,3029,COOLOOLA COVE,QLD,4580,1,0.26,0.0349
11045,04/05/2020 16:39,TRUGANINA,VIC,3029,TULLY,QLD,4854,4,36.68,0.2084
11046,04/05/2020 16:40,DANDENONG SOUTH,VIC,3175,DANDENONG SOUTH,VIC,3175,1,2,0.005
11047,04/05/2020 16:41,TRUGANINA,VIC,3029,DURAL,NSW,2158,1,63.69,1.44
11048,04/05/2020 16:41,LANE COVE,NSW,2066,NORTH MELBOURNE,VIC,3051,1,2,0.0039
11049,04/05/2020 16:42,CHESTER HILL,NSW,2162,HEATHERBRAE,NSW,2324,2,341,4.205
11050,04/05/2020 16:42,LANE COVE,NSW,2066,LAUNCESTON,TAS,7250,1,4,0.0113
11051,04/05/2020 16:44,REGENTS PARK,NSW,2143,BENDIGO,VIC,3550,1,3,0.003
11052,04/05/2020 16:44,INGLEBURN,NSW,2565,MILLERS POINT,NSW,2000,2,2,0
11053,04/05/2020 16:45,MOUNT WAVERLY,VIC,3149,ELIZABETH VALE,SA,5112,1,4,0.0168
11054,04/05/2020 16:45,BAYSWATER,VIC,3153,BACCHUS MARSH,VIC,3340,2,9.4,0.0998
11055,04/05/2020 16:45,MOUNT WAVERLY,VIC,3149,EASTERN CREEK,NSW,2766,1,2,0.0168
11056,04/05/2020 16:46,TRUGANINA,VIC,3029,PAKENHAM,VIC,3810,1,2.01,0.0147
11057,04/05/2020 16:46,CAMPBELLFIELD,VIC,3061,REGENTS PARK,NSW,2143,1,150,0.4658
11058,04/05/2020 16:46,PORT MELBOURNE,VIC,3207,DANDENONG,VIC,3175,2,21,0.115
11059,04/05/2020 16:46,TRUGANINA,VIC,3029,BEAUDESERT,QLD,4285,1,9.17,0.0521
11060,04/05/2020 16:47,PORT MELBOURNE,VIC,3207,TWEED HEADS SOUTH,NSW,2486,3,22.1,0.1022
11061,04/05/2020 16:47,LANE COVE,NSW,2066,WESTMEAD,NSW,2145,1,2,0.0164
11062,04/05/2020 16:47,PORT MELBOURNE,VIC,3207,KEMPS CREEK,NSW,2178,1,390,1.9165
11063,04/05/2020 16:51,CHESTER HILL,NSW,2162,RESERVOIR,VIC,3073,3,515,6.48
11064,04/05/2020 16:51,BAYSWATER,VIC,3153,SHENTON PARK,WA,6008,1,2,0.0161
11065,04/05/2020 16:53,DANDENONG SOUTH,VIC,3175,DUBBO,NSW,2830,1,3,0.0012
11066,04/05/2020 16:54,TRUGANINA,VIC,3029,RICHMOND,QLD,4740,1,0.09,0.0173
11067,04/05/2020 16:55,TINGALPA,QLD,4173,BRISBANE CITY,QLD,4000,1,1,0
11068,04/05/2020 16:57,TRUGANINA,VIC,3029,GLADSTONE,QLD,4680,1,7,0.0458
11069,04/05/2020 16:57,DANDENONG SOUTH,VIC,3175,ALEXANDRIA,NSW,2015,1,5,0.027
11070,04/05/2020 16:58,KEYSBOROUGH,VIC,3173,CANNING VALE,WA,6155,1,110,1.44
11071,04/05/2020 16:58,KEYSBOROUGH,VIC,3173,BUNGALOW,QLD,4870,8,39,0.1426
11072,04/05/2020 16:59,TRUGANINA,VIC,3029,MARYBOROUGH,VIC,3465,1,3.7,0.0308
11073,04/05/2020 16:59,CLAYTON,VIC,3168,ALBION PARK RAIL,NSW,2527,1,185,1.6685
11074,04/05/2020 17:01,TRUGANINA,VIC,3029,ROCKLEA,QLD,4106,1,0.79,0.0078
11075,04/05/2020 17:01,INGLEBURN,NSW,2565,PERTH AIRPORT,WA,6000,1,1,0.0012
11076,04/05/2020 17:02,MOUNT WAVERLY,VIC,3149,RANDWICK,NSW,2031,1,1,0.0071
11077,04/05/2020 17:04,DANDENONG SOUTH,VIC,3175,WARRNAMBOOL,VIC,3280,1,3,0.0012
11078,04/05/2020 17:04,TRUGANINA,VIC,3029,BEAUDESERT,QLD,4285,4,18.66,0.24
11079,04/05/2020 17:04,HAZELMERE,WA,6055,KENWICK,WA,6107,2,0.4,0.0616
11080,04/05/2020 17:07,SPRINGVALE,VIC,3171,WELLAND,SA,5007,3,3200,9.456
11081,04/05/2020 17:09,PORT MELBOURNE,VIC,3207,YERONGA,QLD,4104,1,1,0.0137
11082,04/05/2020 17:09,TRUGANINA,VIC,3029,EAST VICTORIA PARK,WA,6101,1,0.53,0.0308
11083,04/05/2020 17:10,TRUGANINA,VIC,3029,FYSHWICK,ACT,2609,4,52.92,0.3014
11084,04/05/2020 17:11,LANE COVE,NSW,2066,TULLAMARINE,VIC,3043,1,2,0.0113
11085,04/05/2020 17:12,CLAYTON,VIC,3168,PENRITH,NSW,2750,1,50,0.805
11086,04/05/2020 17:12,AUBURN,NSW,2144,TRUGANINA,VIC,3029,1,100,0.198
11087,04/05/2020 17:13,DANDENONG SOUTH,VIC,3175,DANDENONG,VIC,3175,1,5,0.008
11088,04/05/2020 17:13,LANE COVE,NSW,2066,NOWRA,NSW,2541,5,50,0.069
11089,04/05/2020 17:13,TRUGANINA,VIC,3029,THEBARTON,SA,5031,5,32.99,0.3024
11090,04/05/2020 17:14,TINGALPA,QLD,4173,BRISBANE CITY,QLD,4000,1,1,0
11091,04/05/2020 17:15,DANDENONG SOUTH,VIC,3175,BEAUMARIS,VIC,3193,1,5,0.001
11092,04/05/2020 17:15,CROYDON SOUTH,VIC,3136,ALEXANDRIA,NSW,2015,1,10,0.045
11093,04/05/2020 17:16,MOUNT WAVERLY,VIC,3149,PARKVILLE,VIC,3052,1,3,0.0238
11094,04/05/2020 17:16,TRUGANINA,VIC,3029,HOLDEN HILL,SA,5088,1,0.62,0.0078
11095,04/05/2020 17:17,PORT MELBOURNE,VIC,3207,NARRABRI,NSW,2390,3,12.45,0.0369
11096,04/05/2020 17:18,MOUNT WAVERLY,VIC,3149,KUNUNURRA,WA,6743,1,3,0.0092
11097,04/05/2020 17:19,TRUGANINA,VIC,3029,HEATHERBRAE,NSW,2324,1,0.27,0.0173
11098,04/05/2020 17:20,LANE COVE,NSW,2066,SALE,VIC,3850,2,7,0.0444
11099,04/05/2020 17:20,KEYSBOROUGH,VIC,3173,LYTTON,QLD,4178,1,85,0.864
11100,04/05/2020 17:21,AUBURN,NSW,2144,WARABROOK,NSW,2304,1,16,0.0199
11101,04/05/2020 17:21,TRUGANINA,VIC,3029,BAYSWATER,VIC,3153,4,22.62,0.1777
11102,04/05/2020 17:22,TRUGANINA,VIC,3029,SUNBURY,VIC,3429,1,63.69,1.44
11103,04/05/2020 17:23,TRUGANINA,VIC,3029,RUTHERFORD,NSW,2320,1,1.11,0.0078
11104,04/05/2020 17:24,BAYSWATER,VIC,3153,CARINGBAH,NSW,2229,1,300,0.9462
11105,04/05/2020 17:25,BAYSWATER,VIC,3153,BRISBANE AIRPORT,QLD,4008,4,3020,6.7898
11106,04/05/2020 17:25,TRUGANINA,VIC,3029,CROYDON,VIC,3136,1,0.07,0.0034
11107,04/05/2020 17:27,TRUGANINA,VIC,3029,MOORE PARK,NSW,2021,1,2.74,0.0308
11108,04/05/2020 17:28,MOUNT WAVERLY,VIC,3149,DOUGLAS,QLD,4814,1,1,0.0071
11109,04/05/2020 17:29,BAYSWATER,VIC,3153,BUNDAMBA,QLD,4304,1,7.5,0.098
11110,04/05/2020 17:29,DERRIMUT,VIC,3026,Wodonga,VIC,3690,1,130,0.96
11111,04/05/2020 17:29,MOUNT WAVERLY,VIC,3149,HEIDELBERG,VIC,3084,1,3,0.0155
11112,04/05/2020 17:30,DINGLEY VILLAGE,VIC,3172,CARNARVON,WA,6701,1,1,0.0089
11113,04/05/2020 17:33,TRUGANINA,VIC,3029,SUNSHINE NORTH,VIC,3020,1,63.69,1.44
11114,04/05/2020 17:34,MOUNT WAVERLY,VIC,3149,DANDENONG,VIC,3175,1,1,0.0092
11115,04/05/2020 17:34,PORT MELBOURNE,VIC,3207,SPRINGWOOD,NSW,2777,1,1.8,0.012
11116,04/05/2020 17:35,CHESTER HILL,NSW,2162,NOOSAVILLE,QLD,4566,1,176,1.44
11117,04/05/2020 17:35,PORT MELBOURNE,VIC,3207,PERTH AIRPORT,WA,6105,1,175,1.44
11118,04/05/2020 17:35,CAMPBELLFIELD,VIC,3061,PERTH AIRPORT,WA,6105,8,4928,8.7943
11119,04/05/2020 17:37,HAZELMERE,WA,6055,MADDINGTON,WA,6109,1,0.1,0.0308
11120,04/05/2020 17:39,TRUGANINA,VIC,3029,NIDDRIE,VIC,3042,1,9.17,0.0521
11121,04/05/2020 17:40,TRUGANINA,VIC,3029,BROADMEADOWS,VIC,3047,1,200.6,1.2
11122,04/05/2020 17:40,DERRIMUT,VIC,3026,Grovedale,VIC,3216,1,380,1.872
11123,04/05/2020 17:40,TRUGANINA,VIC,3029,DUBBO,NSW,2830,1,0.01,0.0034
11124,04/05/2020 17:40,CARRUM DOWNS,VIC,3201,PORT MELBOURNE,VIC,3207,1,12,0.0408
11125,04/05/2020 17:41,PORT MELBOURNE,VIC,3207,ZETLAND,NSW,2017,1,2,0.012
11126,04/05/2020 17:41,BRAESIDE,VIC,3195,GARBUTT,QLD,4814,1,3,0.0131
11127,04/05/2020 17:42,TRUGANINA,VIC,3029,NORWEST,NSW,2153,1,62.61,0.96
11128,04/05/2020 17:42,PORT MELBOURNE,VIC,3207,ELWOOD,VIC,3184,1,8.9,0.037
11129,04/05/2020 17:44,TRUGANINA,VIC,3029,BUSSELTON,WA,6280,1,0.1,0.0034
11130,04/05/2020 17:45,MOUNT WAVERLY,VIC,3149,RANDWICK,NSW,2031,1,1,0.0071
11131,04/05/2020 17:45,INGLEBURN,NSW,2565,INGLEBURN,NSW,2565,1,0.1,0.001
11132,04/05/2020 17:46,TRUGANINA,VIC,3029,MINCHINBURY,NSW,2770,1,0.05,0.0034
11133,04/05/2020 17:47,TRUGANINA,VIC,3029,MOAMA,NSW,2731,1,1.65,0.0349
11134,04/05/2020 17:48,DANDENONG SOUTH,VIC,3175,WHYALLA,SA,5600,1,3,0.0025
11135,04/05/2020 17:49,TRUGANINA,VIC,3029,MOUNT WAVERLY,VIC,3149,4,484,2.868
11136,04/05/2020 17:50,DANDENONG SOUTH,VIC,3175,GLENHUNTLY,VIC,3163,1,5,0.008
11137,04/05/2020 17:50,KEYSBOROUGH,VIC,3173,HUNTINGWOOD,NSW,2148,1,70,0.72
11138,04/05/2020 17:51,TRUGANINA,VIC,3029,MOONTA,SA,5558,3,8.9,0.0592
11139,04/05/2020 17:53,AUBURN,NSW,2144,BELMONT,WA,6104,1,218,1.5609
11140,04/05/2020 17:54,MANSFIELD,QLD,4122,MARYBOROUGH,QLD,4650,1,2.4,0.0064
11141,04/05/2020 17:54,PORT MELBOURNE,VIC,3207,MOLENDINAR,QLD,4214,1,100,0.8213
11142,04/05/2020 17:55,TRUGANINA,VIC,3029,MULLUMBIMBY,NSW,2482,8,73.36,0.4168
11143,04/05/2020 17:56,PORT MELBOURNE,VIC,3207,SALE,VIC,3850,1,3.6,0.012
11144,04/05/2020 17:56,SMITHFIELD,NSW,2164,MOONAH,TAS,7009,1,12,0.0706
11145,04/05/2020 17:57,TRUGANINA,VIC,3029,WOODVILLE,SA,5011,2,7.52,0.0771
11146,04/05/2020 17:57,TRUGANINA,VIC,3029,PORTLAND,VIC,3305,1,4.14,0.0308
11147,04/05/2020 17:59,BRAESIDE,VIC,3195,CARINGBAH,NSW,2229,1,3,0.0131
11148,04/05/2020 18:02,TRUGANINA,VIC,3029,PEAKHURST,NSW,2210,1,0.18,0.0173
11149,04/05/2020 18:04,TRUGANINA,VIC,3029,VICTORIA POINT,QLD,4165,1,0.91,0.0068
11150,04/05/2020 18:04,TRUGANINA,VIC,3029,PORT LINCOLN,SA,5606,5,21.32,0.1579
11151,04/05/2020 18:05,PORT MELBOURNE,VIC,3207,CARLTON NORTH,VIC,3054,1,1.2,0.012
11152,04/05/2020 18:05,MOUNT WAVERLY,VIC,3149,ST LEONARDS,NSW,2065,1,1,0.0092
11153,04/05/2020 18:09,TRUGANINA,VIC,3029,SEATON,SA,5023,1,0.12,0.0173
11154,04/05/2020 18:10,MOUNT WAVERLY,VIC,3149,HOBART,TAS,7000,1,1,0.0071
11155,04/05/2020 18:11,TRUGANINA,VIC,3029,MOONAH,TAS,7009,1,0.12,0.0034
11156,04/05/2020 18:14,TRUGANINA,VIC,3029,MANSFIELD,VIC,3722,1,2.02,0.0068
11157,04/05/2020 18:16,BRAESIDE,VIC,3195,MOORABBIN,VIC,3189,1,6,0.077
11158,04/05/2020 18:19,CAMPBELLFIELD,VIC,3061,MAYFIELD,NSW,2304,1,600,1.1903
11159,04/05/2020 18:19,TRUGANINA,VIC,3029,SEFTON PARK,SA,5083,2,220,2.24
11160,04/05/2020 18:20,MOUNT WAVERLY,VIC,3149,CHERMSIDE,QLD,4032,1,2,0.0092
11161,04/05/2020 18:20,TRUGANINA,VIC,3029,CAIRNS,QLD,4870,1,117.23,1.2
11162,04/05/2020 18:27,PORT MELBOURNE,VIC,3207,FRENCHS,NSW,2086,1,4.8,0.0243
11163,04/05/2020 18:29,DANDENONG SOUTH,VIC,3175,KEW,VIC,3101,1,3,0.0012
11164,04/05/2020 18:29,PORT MELBOURNE,VIC,3207,LILYFIELD,NSW,2040,1,1,0.0074
11165,04/05/2020 18:29,CAMPBELLFIELD,VIC,3061,GARDEN SUBURB,NSW,2289,1,26,0.0544
11166,04/05/2020 18:31,LANE COVE,NSW,2066,HERSTON,QLD,4006,3,1140,3.0787
11167,04/05/2020 18:32,TRUGANINA,VIC,3029,INVERLOCH,VIC,3996,1,4.14,0.0308
11168,04/05/2020 18:32,BRAESIDE,VIC,3195,MUDGEE,NSW,2850,1,9,0.0246
11169,04/05/2020 18:34,TRUGANINA,VIC,3029,INVERMAY,TAS,7248,1,66.19,1.2
11170,04/05/2020 18:35,TRUGANINA,VIC,3029,NEWSTEAD,QLD,4006,1,130,1.872
11171,04/05/2020 18:35,BAYSWATER,VIC,3153,BRAIDWOOD,NSW,2622,1,1,0.0095
11172,04/05/2020 18:38,BRAESIDE,VIC,3195,WANGARA,WA,6065,1,3,0.0131
11173,04/05/2020 18:43,GREENACRE,NSW,2190,PARKINSON,QLD,4115,1,5,0.0624
11174,04/05/2020 18:43,TRUGANINA,VIC,3029,MOUNT WAVERLY,VIC,3149,1,70,1.08
11175,04/05/2020 18:46,TRUGANINA,VIC,3029,HAMPSTEAD GARDENS,SA,5086,2,0.3,0.1497
11176,04/05/2020 18:47,LANE COVE,NSW,2066,PRAHRAN,VIC,3181,1,1,0.0113
11177,04/05/2020 18:48,CARLTON,NSW,2218,LEURA,NSW,2780,1,70,0.2177
11178,04/05/2020 18:48,TRUGANINA,VIC,3029,MURRAY BRIDGE,SA,5253,1,0.74,0.0199
11179,04/05/2020 18:50,TRUGANINA,VIC,3029,HECTORVILLE,SA,5073,4,17.31,0.2012
11180,04/05/2020 18:51,ARNDELL PARK,NSW,2148,ORANGE,NSW,2800,4,71,0.0642
11181,04/05/2020 18:51,TRUGANINA,VIC,3029,ACACIA RIDGE,QLD,4110,6,689,5.868
11182,04/05/2020 18:54,MOUNT WAVERLY,VIC,3149,ELIZABETH VALE,SA,5112,1,10,0.0774
11183,04/05/2020 18:55,TRUGANINA,VIC,3029,ROCKHAMPTON DC,QLD,4701,1,7,0.0448
11184,04/05/2020 18:55,TRUGANINA,VIC,3029,ROCKLEA,QLD,4106,1,0.06,0.0034
11185,04/05/2020 18:57,TRUGANINA,VIC,3029,VALLEY HEIGHTS,NSW,2777,1,0.09,0.0082
11186,05/05/2020 08:00,PORT MELBOURNE,VIC,3207,SANDGATE,NSW,2304,1,2,0.012
11187,05/05/2020 08:00,MOUNT WAVERLY,VIC,3149,NORTHMEAD,NSW,2152,1,1,0.0071
11188,05/05/2020 08:02,LANE COVE,NSW,2066,EAST BRISBANE,QLD,4169,1,2,0.0164
11189,05/05/2020 08:03,LANE COVE,NSW,2066,PARKVILLE,VIC,3052,1,2,0.0113
11190,05/05/2020 08:09,PORT MELBOURNE,VIC,3207,BRUNSWICK,VIC,3056,3,12,0.0528
11191,05/05/2020 08:14,TRUGANINA,VIC,3029,MANDURAH,WA,6210,1,6,0.0687
11192,05/05/2020 08:15,BRAESIDE,VIC,3195,FAIRFIELD,VIC,3078,1,8,0.0549
11193,05/05/2020 08:15,ALDERLEY,QLD,4051,AUBURN,NSW,2144,6,2195,13.752
11194,05/05/2020 08:15,TRUGANINA,VIC,3029,MORNINGTON,VIC,3931,1,0.45,0.0078
11195,05/05/2020 08:15,TRUGANINA,VIC,3029,PARAFIELD GARDENS,SA,5107,1,126.85,0.96
11196,05/05/2020 08:17,AUBURN,NSW,2144,BURNIE,TAS,7320,1,17,0.0251
11197,05/05/2020 08:22,PORT MELBOURNE,VIC,3207,GREENACRE,NSW,2190,1,180,2.16
11198,05/05/2020 08:25,DANDENONG SOUTH,VIC,3175,SANDRINGHAM,VIC,3191,31,248,1.984
11199,05/05/2020 08:28,TRUGANINA,VIC,3029,GREENWAY,ACT,2900,2,20.28,0.1943
11200,05/05/2020 08:31,TRUGANINA,VIC,3029,CHARTERS TOWERS CITY,QLD,4820,2,9.7,0.072
11201,05/05/2020 08:35,TRUGANINA,VIC,3029,MANLY WEST,QLD,4179,3,2.8,0.0698
11202,05/05/2020 08:35,DANDENONG SOUTH,VIC,3175,KEYSBOROUGH,VIC,3173,1,5,0.001
11203,05/05/2020 08:35,LANE COVE,NSW,2066,PERTH AIRPORT,WA,6000,1,7,0.0113
11204,05/05/2020 08:38,CHESTER HILL,NSW,2162,BATHURST,NSW,2795,2,489,5.184
11205,05/05/2020 08:39,DERRIMUT,VIC,3026,BELMONT,VIC,3216,1,75,0.528
11206,05/05/2020 08:39,WEST FOOTSCRAY,VIC,3012,STRETTON,QLD,4116,1,89,0.3681
11207,05/05/2020 08:40,TRUGANINA,VIC,3029,MURWILLUMBAH,NSW,2484,1,9.17,0.0521
11208,05/05/2020 08:41,TRUGANINA,VIC,3029,HENDRA,QLD,4011,1,0.35,0.0173
11209,05/05/2020 08:41,BAYSWATER,VIC,3153,ROCKLEA,QLD,4106,4,11,0.0795
11210,05/05/2020 08:43,CLAYTON,VIC,3168,YARRAWONGA,VIC,3730,1,150,1.0765
11211,05/05/2020 08:44,AUBURN,NSW,2144,TAYLORS LAKES,VIC,3038,1,15,0.0317
11212,05/05/2020 08:45,CAMPBELLFIELD,VIC,3061,PADSTOW,NSW,2211,2,24,0.0944
11213,05/05/2020 08:45,TRUGANINA,VIC,3029,WARBURTON,VIC,3799,2,18.34,0.1042
11214,05/05/2020 08:46,AUBURN,NSW,2144,MUDGEE,NSW,2850,1,17,0.0363
11215,05/05/2020 08:46,MANSFIELD,QLD,4122,BROWNS PLAINS,QLD,4118,1,1,0.0029
11216,05/05/2020 08:46,DERRIMUT,VIC,3026,OAK FLATS,NSW,2529,1,33,0.1294
11217,05/05/2020 08:49,BENNETTS GREEN,NSW,2290,COBBITTY,NSW,2570,1,5000,71.76
11218,05/05/2020 08:52,TRUGANINA,VIC,3029,KILSYTH SOUTH,VIC,3137,1,16,0.1457
11219,05/05/2020 08:59,TRUGANINA,VIC,3029,GORDON,NSW,2072,6,33.77,0.2188
11220,05/05/2020 09:00,BRAESIDE,VIC,3195,KANGAROO FLAT,VIC,3555,1,3,0.0131
11221,05/05/2020 09:01,TRUGANINA,VIC,3029,EMERALD,VIC,3782,3,27.51,0.1563
11222,05/05/2020 09:02,ARNDELL PARK,NSW,2148,MUDGEE,NSW,2850,1,160,0.4598
11223,05/05/2020 09:04,MOUNT WAVERLY,VIC,3149,NEDLANDS,WA,6009,1,1,0.0011
11224,05/05/2020 09:04,REGENTS PARK,NSW,2143,COOPERS PLAINS,QLD,4108,1,2,0.008
11225,05/05/2020 09:04,MOUNT WAVERLY,VIC,3149,HERSTON,QLD,4006,1,2,0.0229
11226,05/05/2020 09:05,MOUNT WAVERLY,VIC,3149,HEIDELBERG,VIC,3084,1,3,0.0116
11227,05/05/2020 09:05,MOUNT WAVERLY,VIC,3149,MALVERN,VIC,3144,1,4,0.0092
11228,05/05/2020 09:05,MOUNT WAVERLY,VIC,3149,WAUCHOPE,NSW,2446,1,1,0.0289
11229,05/05/2020 09:06,DANDENONG SOUTH,VIC,3175,MALVERN,VIC,3144,1,5,0.001
11230,05/05/2020 09:07,TRUGANINA,VIC,3029,TRUGANINA,VIC,3029,1,0.99,0.0308
11231,05/05/2020 09:08,BAYSWATER,VIC,3153,HAHNDORF,SA,5245,1,1,0.0066
11232,05/05/2020 09:08,INGLEBURN,NSW,2565,PRESTONS,NSW,2170,1,150,0.9419
11233,05/05/2020 09:09,TRUGANINA,VIC,3029,FYSHWICK,ACT,2609,4,21,0.209
11234,05/05/2020 09:09,MOUNT WAVERLY,VIC,3149,CABOOLTURE,QLD,4510,1,4,0.0633
11235,05/05/2020 09:10,TRUGANINA,VIC,3029,VIRGINIA,QLD,4014,2,13,0.1667
11236,05/05/2020 09:10,TRUGANINA,VIC,3029,SEBASTOPOL,VIC,3356,1,3.13,0.0308
11237,05/05/2020 09:11,DANDENONG SOUTH,VIC,3175,BLAIRGOWRIE,VIC,3942,1,5,0.001
11238,05/05/2020 09:13,LANE COVE,NSW,2066,BOWEN HILLS,QLD,4006,1,9,0.0164
11239,05/05/2020 09:14,TRUGANINA,VIC,3029,YATALA,QLD,4207,4,23,0.169
11240,05/05/2020 09:15,PORT MELBOURNE,VIC,3207,POINT LONSDALE,VIC,3225,1,3.1,0.012
11241,05/05/2020 09:15,PORT MELBOURNE,VIC,3207,BOOLAROO,NSW,2284,1,2,0.0137
11242,05/05/2020 09:15,CLAYTON,VIC,3168,PRESTON,VIC,3072,2,450,3.5659
11243,05/05/2020 09:15,TRUGANINA,VIC,3029,NORTH PARRAMATTA,NSW,2151,2,320,3.744
11244,05/05/2020 09:16,DANDENONG SOUTH,VIC,3175,WERRIBEE,VIC,3030,1,3,0.0012
11245,05/05/2020 09:16,MOUNT WAVERLY,VIC,3149,CAMPERDOWN,NSW,2050,3,10,0.1899
11246,05/05/2020 09:19,MURARRIE,QLD,4172,ARNDELL PARK,NSW,2148,1,90,1.188
11247,05/05/2020 09:19,TRUGANINA,VIC,3029,LAUNCESTON,TAS,7250,1,9.17,0.0521
11248,05/05/2020 09:20,DANDENONG SOUTH,VIC,3175,CRANBOURNE,VIC,3977,26,208,1.664
11249,05/05/2020 09:20,BRAESIDE,VIC,3195,GRIFFITH,NSW,2680,1,3,0.0131
11250,05/05/2020 09:21,TRUGANINA,VIC,3029,CHINCHILLA,QLD,4413,1,2.12,0.0308
11251,05/05/2020 09:22,MOORABBIN,VIC,3189,BRISBANE CITY,QLD,4000,3,820,7.5744
11252,05/05/2020 09:22,MOUNT WAVERLY,VIC,3149,HEIDELBERG WEST,VIC,3081,1,1,0.0071
11253,05/05/2020 09:22,CAMPBELLFIELD,VIC,3061,KILBURN,SA,5084,1,439,1.1592
11254,05/05/2020 09:22,TRUGANINA,VIC,3029,DERRIMUT,VIC,3026,4,25,0.2558
11255,05/05/2020 09:23,DANDENONG SOUTH,VIC,3175,CANNING VALE,WA,6155,1,212,0.5856
11256,05/05/2020 09:23,DANDENONG SOUTH,VIC,3175,YOUNG,NSW,2594,1,3,0.0012
11257,05/05/2020 09:23,TRUGANINA,VIC,3029,YANCHEP,WA,6035,1,0.01,0.0034
11258,05/05/2020 09:23,ARNDELL PARK,NSW,2148,HUSKISSON,NSW,2540,1,13.9,0.0119
11259,05/05/2020 09:24,KEYSBOROUGH,VIC,3173,PORT AUGUSTA,SA,5700,1,105,0.72
11260,05/05/2020 09:26,BRAESIDE,VIC,3195,MALAGA,WA,6090,1,5,0.033
11261,05/05/2020 09:27,TRUGANINA,VIC,3029,GAWLER SOUTH,SA,5118,5,29.11,0.2651
11262,05/05/2020 09:28,MOUNT WAVERLY,VIC,3149,HOBART,TAS,7000,1,1,0.0011
11263,05/05/2020 09:32,CAMPBELLFIELD,VIC,3061,CAPALABA,QLD,4157,4,68,0.1036
11264,05/05/2020 09:32,TRUGANINA,VIC,3029,BELCONNEN,ACT,2616,1,0.06,0.0034
11265,05/05/2020 09:33,DANDENONG,VIC,3175,SMITHFIELD,NSW,2164,1,687,1.01
11266,05/05/2020 09:33,BRAESIDE,VIC,3195,CABOOLTURE,QLD,4510,1,3,0.0131
11267,05/05/2020 09:33,ACACIA RIDGE,QLD,4110,WINGHAM,NSW,2429,1,14,0.13
11268,05/05/2020 09:37,GREENACRE,NSW,2190,PORT MELBOURNE,VIC,3207,1,4,0.0341
11269,05/05/2020 09:39,TRUGANINA,VIC,3029,TOOWOOMBA,QLD,4350,1,0.04,0.0034
11270,05/05/2020 09:39,CLAYTON,VIC,3168,BURLEIGH WATERS,QLD,4220,1,100,1.834
11271,05/05/2020 09:40,KEYSBOROUGH,VIC,3173,PORT MELBOURNE,VIC,3207,1,5,0.0182
11272,05/05/2020 09:41,BAYSWATER,VIC,3153,WINGFIELD,SA,5013,4,3000,6.7898
11273,05/05/2020 09:41,TRUGANINA,VIC,3029,SHEPPARTON,VIC,3630,2,14.5,0.0386
11274,05/05/2020 09:41,TRUGANINA,VIC,3029,KANGAROO FLAT,VIC,3555,1,0.06,0.0034
11275,05/05/2020 09:42,MAIDSTONE,VIC,3012,DARWIN,NT,800,1,545,1.728
11276,05/05/2020 09:43,CAMPBELLFIELD,VIC,3061,SALAMANDER BAY,NSW,2317,4,68,0.1036
11277,05/05/2020 09:43,TRUGANINA,VIC,3029,MANDURAH,WA,6210,1,0.22,0.0349
11278,05/05/2020 09:45,KEYSBOROUGH,VIC,3173,EASTERN CREEK,NSW,2766,1,105,1.152
11279,05/05/2020 09:46,TRUGANINA,VIC,3029,SMITHFIELD,SA,5114,1,6.15,0.0308
11280,05/05/2020 09:47,PORT MELBOURNE,VIC,3207,MACQUARIE PARK,NSW,2113,2,14.4,0.1042
11281,05/05/2020 09:48,TRUGANINA,VIC,3029,PROSPECT,SA,5082,1,102.34,0.96
11282,05/05/2020 09:49,TRUGANINA,VIC,3029,ROCKDALE,NSW,2216,1,0.22,0.0349
11283,05/05/2020 09:49,MOUNT WAVERLY,VIC,3149,CABOOLTURE,QLD,4510,1,1,0.0537
11284,05/05/2020 09:50,DERRIMUT,VIC,3026,Moonah,TAS,7009,8,184,0.9488
11285,05/05/2020 09:55,BRAESIDE,VIC,3195,BALCATTA,WA,6021,2,14,0.154
11286,05/05/2020 09:58,PORT MELBOURNE,VIC,3207,CANNING VALE,WA,6155,1,3,0.012
11287,05/05/2020 10:00,BAYSWATER,VIC,3153,NORTHMEAD,NSW,2152,2,5.8,0.0838
11288,05/05/2020 10:01,TRUGANINA,VIC,3029,NORMAN GARDENS,QLD,4701,1,63.69,1.44
11289,05/05/2020 10:01,DANDENONG SOUTH,VIC,3175,ST ALBANS,VIC,3021,1,5,0.016
11290,05/05/2020 10:02,MOUNT WAVERLY,VIC,3149,GOSFORD,NSW,2250,1,1,0.0071
11291,05/05/2020 10:02,PORT MELBOURNE,VIC,3207,KEYSBOROUGH,VIC,3173,2,5,0.024
11292,05/05/2020 10:03,BRAESIDE,VIC,3195,PEAKHURST,NSW,2210,1,3,0.0131
11293,05/05/2020 10:04,TRUGANINA,VIC,3029,PITTSWORTH,QLD,4356,3,25.5,0.1563
11294,05/05/2020 10:04,INGLEBURN,NSW,2565,DANDENONG SOUTH,VIC,3175,5,20,0.0845
11295,05/05/2020 10:06,BRAESIDE,VIC,3195,BAYSWATER NORTH,VIC,3153,1,5,0.0491
11296,05/05/2020 10:08,INGLEBURN,NSW,2565,MORWELL,VIC,3840,1,4,0.0088
11297,05/05/2020 10:08,LANE COVE,NSW,2066,AUCHENFLOWER,QLD,4066,1,19,0.0379
11298,05/05/2020 10:09,BAYSWATER,VIC,3153,PAKENHAM,VIC,3810,1,1,0.0066
11299,05/05/2020 10:09,CARRUM DOWNS,VIC,3201,INVERMAY,TAS,7248,1,2.6,0.017
11300,05/05/2020 10:10,TRUGANINA,VIC,3029,KURRI KURRI,NSW,2327,1,2.12,0.0308
